2024;Vital statistics of Japan;;;;;;;;;;;;;;
Volume 2 Foreigners in Japan - Natality Table 2 Live births by nationality of motherÅCsex and month of live birthÅCeach prefecture (special wards and specified cities);;;;;;;;;;;;;;;
;;;Total;January;February;March;April;May;June;July;August;September;October;November;December
Total;Total;Total;22878;1766;1686;1719;1721;1800;1717;1999;2045;2091;2177;1999;2158
;;Male;11789;886;885;928;881;879;914;1008;1035;1093;1103;1058;1119
;;Female;11089;880;801;791;840;921;803;991;1010;998;1074;941;1039
;Korea;Total;434;43;45;38;41;34;34;35;23;26;36;35;44
;;Male;228;23;25;23;22;16;19;17;8;12;22;16;25
;;Female;206;20;20;15;19;18;15;18;15;14;14;19;19
;China;Total;4237;290;311;318;343;309;333;387;406;397;384;360;399
;;Male;2245;155;180;170;195;149;189;188;215;231;195;188;190
;;Female;1992;135;131;148;148;160;144;199;191;166;189;172;209
;Philippines;Total;1807;166;154;135;146;136;135;164;152;157;141;146;175
;;Male;906;82;74;76;68;62;65;82;77;79;68;77;96
;;Female;901;84;80;59;78;74;70;82;75;78;73;69;79
;Thailand;Total;87;3;2;6;4;9;10;9;3;9;6;14;12
;;Male;45;1;1;2;3;8;5;3;1;1;5;7;8
;;Female;42;2;1;4;1;1;5;6;2;8;1;7;4
;U.S.A.;Total;248;23;20;16;25;23;17;25;22;16;20;13;28
;;Male;134;8;12;8;16;11;8;12;13;9;8;9;20
;;Female;114;15;8;8;9;12;9;13;9;7;12;4;8
;United Kingdom;Total;30;3;3;-;2;4;-;2;5;4;3;3;1
;;Male;18;2;3;-;2;3;-;1;-;2;3;1;1
;;Female;12;1;-;-;-;1;-;1;5;2;-;2;-
;Brazil;Total;1351;115;94;104;119;110;91;128;127;116;103;111;133
;;Male;692;62;54;56;61;55;40;66;59;62;52;57;68
;;Female;659;53;40;48;58;55;51;62;68;54;51;54;65
;Peru;Total;259;21;18;20;22;19;19;22;26;28;17;29;18
;;Male;127;11;8;10;13;10;11;8;13;11;8;13;11
;;Female;132;10;10;10;9;9;8;14;13;17;9;16;7
;Other foreign countries;Total;14425;1102;1039;1082;1019;1156;1078;1227;1281;1338;1467;1288;1348
;;Male;7394;542;528;583;501;565;577;631;649;686;742;690;700
;;Female;7031;560;511;499;518;591;501;596;632;652;725;598;648
01 Hokkaido;Total;Total;201;10;15;21;9;21;19;16;16;18;16;20;20
;;Male;113;7;8;15;3;14;10;10;8;9;9;11;9
;;Female;88;3;7;6;6;7;9;6;8;9;7;9;11
;Korea;Total;3;-;-;1;-;-;-;-;1;-;-;-;1
;;Male;3;-;-;1;-;-;-;-;1;-;-;-;1
;;Female;-;-;-;-;-;-;-;-;-;-;-;-;-
;China;Total;39;1;1;4;4;4;2;3;4;5;6;2;3
;;Male;20;1;-;4;2;2;1;1;1;2;4;1;1
;;Female;19;-;1;-;2;2;1;2;3;3;2;1;2
;Philippines;Total;4;-;1;-;-;1;-;-;-;2;-;-;-
;;Male;2;-;-;-;-;-;-;-;-;2;-;-;-
;;Female;2;-;1;-;-;1;-;-;-;-;-;-;-
;Thailand;Total;2;-;-;-;-;-;-;-;-;-;-;-;2
;;Male;1;-;-;-;-;-;-;-;-;-;-;-;1
;;Female;1;-;-;-;-;-;-;-;-;-;-;-;1
;U.S.A.;Total;8;1;1;1;-;-;1;1;1;-;1;-;1
;;Male;6;1;-;-;-;-;1;1;1;-;1;-;1
;;Female;2;-;1;1;-;-;-;-;-;-;-;-;-
;United Kingdom;Total;1;-;-;-;-;-;-;-;1;-;-;-;-
;;Male;-;-;-;-;-;-;-;-;-;-;-;-;-
;;Female;1;-;-;-;-;-;-;-;1;-;-;-;-
;Brazil;Total;-;-;-;-;-;-;-;-;-;-;-;-;-
;;Male;-;-;-;-;-;-;-;-;-;-;-;-;-
;;Female;-;-;-;-;-;-;-;-;-;-;-;-;-
;Peru;Total;-;-;-;-;-;-;-;-;-;-;-;-;-
;;Male;-;-;-;-;-;-;-;-;-;-;-;-;-
;;Female;-;-;-;-;-;-;-;-;-;-;-;-;-
;Other foreign countries;Total;144;8;12;15;5;16;16;12;9;11;9;18;13
;;Male;81;5;8;10;1;12;8;8;5;5;4;10;5
;;Female;63;3;4;5;4;4;8;4;4;6;5;8;8
02 Aomori;Total;Total;15;2;1;-;-;3;2;-;-;1;3;3;-
;;Male;6;2;1;-;-;1;1;-;-;-;1;-;-
;;Female;9;-;-;-;-;2;1;-;-;1;2;3;-
;Korea;Total;-;-;-;-;-;-;-;-;-;-;-;-;-
;;Male;-;-;-;-;-;-;-;-;-;-;-;-;-
;;Female;-;-;-;-;-;-;-;-;-;-;-;-;-
;China;Total;8;1;-;-;-;1;2;-;-;-;2;2;-
;;Male;3;1;-;-;-;-;1;-;-;-;1;-;-
;;Female;5;-;-;-;-;1;1;-;-;-;1;2;-
;Philippines;Total;1;-;-;-;-;-;-;-;-;-;1;-;-
;;Male;-;-;-;-;-;-;-;-;-;-;-;-;-
;;Female;1;-;-;-;-;-;-;-;-;-;1;-;-
;Thailand;Total;-;-;-;-;-;-;-;-;-;-;-;-;-
;;Male;-;-;-;-;-;-;-;-;-;-;-;-;-
;;Female;-;-;-;-;-;-;-;-;-;-;-;-;-
;U.S.A.;Total;1;-;-;-;-;-;-;-;-;-;-;1;-
;;Male;-;-;-;-;-;-;-;-;-;-;-;-;-
;;Female;1;-;-;-;-;-;-;-;-;-;-;1;-
;United Kingdom;Total;-;-;-;-;-;-;-;-;-;-;-;-;-
;;Male;-;-;-;-;-;-;-;-;-;-;-;-;-
;;Female;-;-;-;-;-;-;-;-;-;-;-;-;-
;Brazil;Total;-;-;-;-;-;-;-;-;-;-;-;-;-
;;Male;-;-;-;-;-;-;-;-;-;-;-;-;-
;;Female;-;-;-;-;-;-;-;-;-;-;-;-;-
;Peru;Total;-;-;-;-;-;-;-;-;-;-;-;-;-
;;Male;-;-;-;-;-;-;-;-;-;-;-;-;-
;;Female;-;-;-;-;-;-;-;-;-;-;-;-;-
;Other foreign countries;Total;5;1;1;-;-;2;-;-;-;1;-;-;-
;;Male;3;1;1;-;-;1;-;-;-;-;-;-;-
;;Female;2;-;-;-;-;1;-;-;-;1;-;-;-
03 Iwate;Total;Total;26;1;1;2;1;4;-;3;2;2;5;1;4
;;Male;12;1;-;1;-;2;-;1;1;1;3;1;1
;;Female;14;-;1;1;1;2;-;2;1;1;2;-;3
;Korea;Total;-;-;-;-;-;-;-;-;-;-;-;-;-
;;Male;-;-;-;-;-;-;-;-;-;-;-;-;-
;;Female;-;-;-;-;-;-;-;-;-;-;-;-;-
;China;Total;3;-;-;-;-;2;-;-;-;-;-;-;1
;;Male;-;-;-;-;-;-;-;-;-;-;-;-;-
;;Female;3;-;-;-;-;2;-;-;-;-;-;-;1
;Philippines;Total;-;-;-;-;-;-;-;-;-;-;-;-;-
;;Male;-;-;-;-;-;-;-;-;-;-;-;-;-
;;Female;-;-;-;-;-;-;-;-;-;-;-;-;-
;Thailand;Total;-;-;-;-;-;-;-;-;-;-;-;-;-
;;Male;-;-;-;-;-;-;-;-;-;-;-;-;-
;;Female;-;-;-;-;-;-;-;-;-;-;-;-;-
;U.S.A.;Total;-;-;-;-;-;-;-;-;-;-;-;-;-
;;Male;-;-;-;-;-;-;-;-;-;-;-;-;-
;;Female;-;-;-;-;-;-;-;-;-;-;-;-;-
;United Kingdom;Total;-;-;-;-;-;-;-;-;-;-;-;-;-
;;Male;-;-;-;-;-;-;-;-;-;-;-;-;-
;;Female;-;-;-;-;-;-;-;-;-;-;-;-;-
;Brazil;Total;-;-;-;-;-;-;-;-;-;-;-;-;-
;;Male;-;-;-;-;-;-;-;-;-;-;-;-;-
;;Female;-;-;-;-;-;-;-;-;-;-;-;-;-
;Peru;Total;-;-;-;-;-;-;-;-;-;-;-;-;-
;;Male;-;-;-;-;-;-;-;-;-;-;-;-;-
;;Female;-;-;-;-;-;-;-;-;-;-;-;-;-
;Other foreign countries;Total;23;1;1;2;1;2;-;3;2;2;5;1;3
;;Male;12;1;-;1;-;2;-;1;1;1;3;1;1
;;Female;11;-;1;1;1;-;-;2;1;1;2;-;2
04 Miyagi;Total;Total;148;6;13;9;13;15;7;13;21;18;13;5;15
;;Male;72;2;7;5;5;8;4;7;10;8;5;3;8
;;Female;76;4;6;4;8;7;3;6;11;10;8;2;7
;Korea;Total;3;-;-;-;1;1;-;-;-;-;-;-;1
;;Male;2;-;-;-;-;1;-;-;-;-;-;-;1
;;Female;1;-;-;-;1;-;-;-;-;-;-;-;-
;China;Total;20;1;2;1;1;1;-;5;1;3;3;-;2
;;Male;10;-;1;-;1;1;-;3;-;1;1;-;2
;;Female;10;1;1;1;-;-;-;2;1;2;2;-;-
;Philippines;Total;2;-;1;-;-;1;-;-;-;-;-;-;-
;;Male;1;-;-;-;-;1;-;-;-;-;-;-;-
;;Female;1;-;1;-;-;-;-;-;-;-;-;-;-
;Thailand;Total;-;-;-;-;-;-;-;-;-;-;-;-;-
;;Male;-;-;-;-;-;-;-;-;-;-;-;-;-
;;Female;-;-;-;-;-;-;-;-;-;-;-;-;-
;U.S.A.;Total;3;-;-;-;-;-;-;-;-;1;1;-;1
;;Male;1;-;-;-;-;-;-;-;-;-;-;-;1
;;Female;2;-;-;-;-;-;-;-;-;1;1;-;-
;United Kingdom;Total;-;-;-;-;-;-;-;-;-;-;-;-;-
;;Male;-;-;-;-;-;-;-;-;-;-;-;-;-
;;Female;-;-;-;-;-;-;-;-;-;-;-;-;-
;Brazil;Total;2;-;-;1;-;-;-;-;1;-;-;-;-
;;Male;1;-;-;-;-;-;-;-;1;-;-;-;-
;;Female;1;-;-;1;-;-;-;-;-;-;-;-;-
;Peru;Total;-;-;-;-;-;-;-;-;-;-;-;-;-
;;Male;-;-;-;-;-;-;-;-;-;-;-;-;-
;;Female;-;-;-;-;-;-;-;-;-;-;-;-;-
;Other foreign countries;Total;118;5;10;7;11;12;7;8;19;14;9;5;11
;;Male;57;2;6;5;4;5;4;4;9;7;4;3;4
;;Female;61;3;4;2;7;7;3;4;10;7;5;2;7
05 Akita;Total;Total;7;1;-;1;1;-;1;-;1;-;-;1;1
;;Male;3;-;-;1;1;-;-;-;-;-;-;1;-
;;Female;4;1;-;-;-;-;1;-;1;-;-;-;1
;Korea;Total;-;-;-;-;-;-;-;-;-;-;-;-;-
;;Male;-;-;-;-;-;-;-;-;-;-;-;-;-
;;Female;-;-;-;-;-;-;-;-;-;-;-;-;-
;China;Total;1;1;-;-;-;-;-;-;-;-;-;-;-
;;Male;-;-;-;-;-;-;-;-;-;-;-;-;-
;;Female;1;1;-;-;-;-;-;-;-;-;-;-;-
;Philippines;Total;-;-;-;-;-;-;-;-;-;-;-;-;-
;;Male;-;-;-;-;-;-;-;-;-;-;-;-;-
;;Female;-;-;-;-;-;-;-;-;-;-;-;-;-
;Thailand;Total;1;-;-;-;-;-;-;-;-;-;-;1;-
;;Male;1;-;-;-;-;-;-;-;-;-;-;1;-
;;Female;-;-;-;-;-;-;-;-;-;-;-;-;-
;U.S.A.;Total;-;-;-;-;-;-;-;-;-;-;-;-;-
;;Male;-;-;-;-;-;-;-;-;-;-;-;-;-
;;Female;-;-;-;-;-;-;-;-;-;-;-;-;-
;United Kingdom;Total;-;-;-;-;-;-;-;-;-;-;-;-;-
;;Male;-;-;-;-;-;-;-;-;-;-;-;-;-
;;Female;-;-;-;-;-;-;-;-;-;-;-;-;-
;Brazil;Total;-;-;-;-;-;-;-;-;-;-;-;-;-
;;Male;-;-;-;-;-;-;-;-;-;-;-;-;-
;;Female;-;-;-;-;-;-;-;-;-;-;-;-;-
;Peru;Total;-;-;-;-;-;-;-;-;-;-;-;-;-
;;Male;-;-;-;-;-;-;-;-;-;-;-;-;-
;;Female;-;-;-;-;-;-;-;-;-;-;-;-;-
;Other foreign countries;Total;5;-;-;1;1;-;1;-;1;-;-;-;1
;;Male;2;-;-;1;1;-;-;-;-;-;-;-;-
;;Female;3;-;-;-;-;-;1;-;1;-;-;-;1
06 Yamagata;Total;Total;17;3;1;2;-;3;-;1;-;4;-;2;1
;;Male;8;1;1;1;-;2;-;-;-;1;-;1;1
;;Female;9;2;-;1;-;1;-;1;-;3;-;1;-
;Korea;Total;-;-;-;-;-;-;-;-;-;-;-;-;-
;;Male;-;-;-;-;-;-;-;-;-;-;-;-;-
;;Female;-;-;-;-;-;-;-;-;-;-;-;-;-
;China;Total;2;-;-;-;-;-;-;-;-;1;-;-;1
;;Male;2;-;-;-;-;-;-;-;-;1;-;-;1
;;Female;-;-;-;-;-;-;-;-;-;-;-;-;-
;Philippines;Total;2;-;-;-;-;1;-;1;-;-;-;-;-
;;Male;-;-;-;-;-;-;-;-;-;-;-;-;-
;;Female;2;-;-;-;-;1;-;1;-;-;-;-;-
;Thailand;Total;-;-;-;-;-;-;-;-;-;-;-;-;-
;;Male;-;-;-;-;-;-;-;-;-;-;-;-;-
;;Female;-;-;-;-;-;-;-;-;-;-;-;-;-
;U.S.A.;Total;-;-;-;-;-;-;-;-;-;-;-;-;-
;;Male;-;-;-;-;-;-;-;-;-;-;-;-;-
;;Female;-;-;-;-;-;-;-;-;-;-;-;-;-
;United Kingdom;Total;-;-;-;-;-;-;-;-;-;-;-;-;-
;;Male;-;-;-;-;-;-;-;-;-;-;-;-;-
;;Female;-;-;-;-;-;-;-;-;-;-;-;-;-
;Brazil;Total;1;-;-;-;-;-;-;-;-;-;-;1;-
;;Male;1;-;-;-;-;-;-;-;-;-;-;1;-
;;Female;-;-;-;-;-;-;-;-;-;-;-;-;-
;Peru;Total;-;-;-;-;-;-;-;-;-;-;-;-;-
;;Male;-;-;-;-;-;-;-;-;-;-;-;-;-
;;Female;-;-;-;-;-;-;-;-;-;-;-;-;-
;Other foreign countries;Total;12;3;1;2;-;2;-;-;-;3;-;1;-
;;Male;5;1;1;1;-;2;-;-;-;-;-;-;-
;;Female;7;2;-;1;-;-;-;-;-;3;-;1;-
07 Fukushima;Total;Total;81;4;5;6;6;5;8;6;8;11;9;5;8
;;Male;43;2;3;2;3;1;5;4;5;4;6;2;6
;;Female;38;2;2;4;3;4;3;2;3;7;3;3;2
;Korea;Total;-;-;-;-;-;-;-;-;-;-;-;-;-
;;Male;-;-;-;-;-;-;-;-;-;-;-;-;-
;;Female;-;-;-;-;-;-;-;-;-;-;-;-;-
;China;Total;8;-;-;3;-;-;-;1;-;2;-;1;1
;;Male;2;-;-;1;-;-;-;-;-;-;-;-;1
;;Female;6;-;-;2;-;-;-;1;-;2;-;1;-
;Philippines;Total;3;-;-;-;1;-;1;1;-;-;-;-;-
;;Male;1;-;-;-;-;-;-;1;-;-;-;-;-
;;Female;2;-;-;-;1;-;1;-;-;-;-;-;-
;Thailand;Total;1;-;-;-;-;-;-;-;-;1;-;-;-
;;Male;-;-;-;-;-;-;-;-;-;-;-;-;-
;;Female;1;-;-;-;-;-;-;-;-;1;-;-;-
;U.S.A.;Total;-;-;-;-;-;-;-;-;-;-;-;-;-
;;Male;-;-;-;-;-;-;-;-;-;-;-;-;-
;;Female;-;-;-;-;-;-;-;-;-;-;-;-;-
;United Kingdom;Total;-;-;-;-;-;-;-;-;-;-;-;-;-
;;Male;-;-;-;-;-;-;-;-;-;-;-;-;-
;;Female;-;-;-;-;-;-;-;-;-;-;-;-;-
;Brazil;Total;1;-;-;1;-;-;-;-;-;-;-;-;-
;;Male;1;-;-;1;-;-;-;-;-;-;-;-;-
;;Female;-;-;-;-;-;-;-;-;-;-;-;-;-
;Peru;Total;-;-;-;-;-;-;-;-;-;-;-;-;-
;;Male;-;-;-;-;-;-;-;-;-;-;-;-;-
;;Female;-;-;-;-;-;-;-;-;-;-;-;-;-
;Other foreign countries;Total;68;4;5;2;5;5;7;4;8;8;9;4;7
;;Male;39;2;3;-;3;1;5;3;5;4;6;2;5
;;Female;29;2;2;2;2;4;2;1;3;4;3;2;2
08 Ibaraki;Total;Total;614;49;42;48;51;42;48;46;45;63;53;58;69
;;Male;310;26;20;23;25;19;28;20;25;32;26;33;33
;;Female;304;23;22;25;26;23;20;26;20;31;27;25;36
;Korea;Total;5;1;-;-;-;-;1;1;-;-;1;-;1
;;Male;4;1;-;-;-;-;1;-;-;-;1;-;1
;;Female;1;-;-;-;-;-;-;1;-;-;-;-;-
;China;Total;45;4;5;2;2;2;3;4;5;5;4;5;4
;;Male;28;2;5;1;1;-;2;1;4;3;2;3;4
;;Female;17;2;-;1;1;2;1;3;1;2;2;2;-
;Philippines;Total;75;6;4;8;5;6;3;8;5;5;10;8;7
;;Male;33;2;-;2;2;3;3;2;2;3;4;5;5
;;Female;42;4;4;6;3;3;-;6;3;2;6;3;2
;Thailand;Total;8;-;-;-;1;1;-;1;-;1;1;1;2
;;Male;7;-;-;-;1;1;-;-;-;1;1;1;2
;;Female;1;-;-;-;-;-;-;1;-;-;-;-;-
;U.S.A.;Total;3;-;-;1;-;-;-;-;-;-;1;-;1
;;Male;2;-;-;1;-;-;-;-;-;-;-;-;1
;;Female;1;-;-;-;-;-;-;-;-;-;1;-;-
;United Kingdom;Total;-;-;-;-;-;-;-;-;-;-;-;-;-
;;Male;-;-;-;-;-;-;-;-;-;-;-;-;-
;;Female;-;-;-;-;-;-;-;-;-;-;-;-;-
;Brazil;Total;26;1;1;5;3;2;1;-;4;3;2;2;2
;;Male;16;-;-;3;2;-;1;-;4;1;1;2;2
;;Female;10;1;1;2;1;2;-;-;-;2;1;-;-
;Peru;Total;6;2;-;1;-;-;1;-;1;-;-;1;-
;;Male;4;1;-;1;-;-;1;-;1;-;-;-;-
;;Female;2;1;-;-;-;-;-;-;-;-;-;1;-
;Other foreign countries;Total;446;35;32;31;40;31;39;32;30;49;34;41;52
;;Male;216;20;15;15;19;15;20;17;14;24;17;22;18
;;Female;230;15;17;16;21;16;19;15;16;25;17;19;34
09 Tochigi;Total;Total;362;21;31;28;25;34;21;36;33;40;26;31;36
;;Male;174;10;20;16;8;19;10;16;11;18;10;17;19
;;Female;188;11;11;12;17;15;11;20;22;22;16;14;17
;Korea;Total;2;-;-;1;-;-;-;-;-;1;-;-;-
;;Male;1;-;-;1;-;-;-;-;-;-;-;-;-
;;Female;1;-;-;-;-;-;-;-;-;1;-;-;-
;China;Total;16;-;1;1;1;4;-;1;1;2;3;-;2
;;Male;9;-;1;1;1;2;-;-;1;2;1;-;-
;;Female;7;-;-;-;-;2;-;1;-;-;2;-;2
;Philippines;Total;32;3;2;4;2;5;2;-;5;2;-;3;4
;;Male;16;2;-;3;-;2;2;-;1;1;-;2;3
;;Female;16;1;2;1;2;3;-;-;4;1;-;1;1
;Thailand;Total;6;-;-;1;-;2;-;-;1;-;-;1;1
;;Male;5;-;-;1;-;2;-;-;-;-;-;1;1
;;Female;1;-;-;-;-;-;-;-;1;-;-;-;-
;U.S.A.;Total;4;-;-;-;-;1;1;1;-;1;-;-;-
;;Male;2;-;-;-;-;1;-;-;-;1;-;-;-
;;Female;2;-;-;-;-;-;1;1;-;-;-;-;-
;United Kingdom;Total;-;-;-;-;-;-;-;-;-;-;-;-;-
;;Male;-;-;-;-;-;-;-;-;-;-;-;-;-
;;Female;-;-;-;-;-;-;-;-;-;-;-;-;-
;Brazil;Total;15;1;1;-;4;1;1;1;1;-;2;1;2
;;Male;5;-;-;-;1;-;-;-;-;-;1;1;2
;;Female;10;1;1;-;3;1;1;1;1;-;1;-;-
;Peru;Total;15;3;2;-;-;-;-;-;3;1;1;5;-
;;Male;9;1;2;-;-;-;-;-;1;1;-;4;-
;;Female;6;2;-;-;-;-;-;-;2;-;1;1;-
;Other foreign countries;Total;272;14;25;21;18;21;17;33;22;33;20;21;27
;;Male;127;7;17;10;6;12;8;16;8;13;8;9;13
;;Female;145;7;8;11;12;9;9;17;14;20;12;12;14
10 Gunma;Total;Total;684;68;42;39;55;54;51;60;75;57;72;56;55
;;Male;348;36;17;24;32;24;29;29;45;21;39;27;25
;;Female;336;32;25;15;23;30;22;31;30;36;33;29;30
;Korea;Total;1;-;-;-;1;-;-;-;-;-;-;-;-
;;Male;1;-;-;-;1;-;-;-;-;-;-;-;-
;;Female;-;-;-;-;-;-;-;-;-;-;-;-;-
;China;Total;18;1;1;1;3;2;-;-;1;2;3;3;1
;;Male;9;1;1;-;2;1;-;-;-;-;2;1;1
;;Female;9;-;-;1;1;1;-;-;1;2;1;2;-
;Philippines;Total;58;7;5;3;7;4;8;3;5;3;5;2;6
;;Male;31;1;1;2;6;3;5;3;2;3;2;1;2
;;Female;27;6;4;1;1;1;3;-;3;-;3;1;4
;Thailand;Total;3;1;-;-;-;-;-;2;-;-;-;-;-
;;Male;1;-;-;-;-;-;-;1;-;-;-;-;-
;;Female;2;1;-;-;-;-;-;1;-;-;-;-;-
;U.S.A.;Total;3;2;-;-;-;1;-;-;-;-;-;-;-
;;Male;1;-;-;-;-;1;-;-;-;-;-;-;-
;;Female;2;2;-;-;-;-;-;-;-;-;-;-;-
;United Kingdom;Total;-;-;-;-;-;-;-;-;-;-;-;-;-
;;Male;-;-;-;-;-;-;-;-;-;-;-;-;-
;;Female;-;-;-;-;-;-;-;-;-;-;-;-;-
;Brazil;Total;91;8;10;4;6;5;5;8;8;6;13;9;9
;;Male;44;7;5;4;2;2;1;4;3;1;8;3;4
;;Female;47;1;5;-;4;3;4;4;5;5;5;6;5
;Peru;Total;27;1;1;1;2;5;1;1;4;5;2;2;2
;;Male;12;-;1;-;1;2;1;-;2;1;1;1;2
;;Female;15;1;-;1;1;3;-;1;2;4;1;1;-
;Other foreign countries;Total;483;48;25;30;36;37;37;46;57;41;49;40;37
;;Male;249;27;9;18;20;15;22;21;38;16;26;21;16
;;Female;234;21;16;12;16;22;15;25;19;25;23;19;21
11 Saitama;Total;Total;2116;155;156;136;176;180;154;185;194;174;213;198;195
;;Male;1093;77;78;77;94;75;83;102;101;85;101;114;106
;;Female;1023;78;78;59;82;105;71;83;93;89;112;84;89
;Korea;Total;18;1;1;3;2;3;2;1;-;2;3;-;-
;;Male;9;1;-;1;2;-;2;-;-;-;3;-;-
;;Female;9;-;1;2;-;3;-;1;-;2;-;-;-
;China;Total;585;44;37;38;52;44;43;56;57;52;51;60;51
;;Male;311;24;19;19;29;17;25;31;36;26;25;37;23
;;Female;274;20;18;19;23;27;18;25;21;26;26;23;28
;Philippines;Total;121;14;11;11;7;11;7;8;10;10;10;12;10
;;Male;63;6;7;5;3;5;5;5;6;4;3;9;5
;;Female;58;8;4;6;4;6;2;3;4;6;7;3;5
;Thailand;Total;8;-;-;-;-;1;1;-;1;2;1;1;1
;;Male;5;-;-;-;-;1;1;-;1;-;1;1;-
;;Female;3;-;-;-;-;-;-;-;-;2;-;-;1
;U.S.A.;Total;5;-;-;2;-;-;-;-;1;-;1;-;1
;;Male;4;-;-;2;-;-;-;-;1;-;1;-;-
;;Female;1;-;-;-;-;-;-;-;-;-;-;-;1
;United Kingdom;Total;2;1;-;-;-;-;-;1;-;-;-;-;-
;;Male;-;-;-;-;-;-;-;-;-;-;-;-;-
;;Female;2;1;-;-;-;-;-;1;-;-;-;-;-
;Brazil;Total;31;1;2;2;5;3;2;4;2;4;1;3;2
;;Male;18;1;2;1;4;-;-;4;1;2;-;2;1
;;Female;13;-;-;1;1;3;2;-;1;2;1;1;1
;Peru;Total;14;2;1;1;1;-;1;-;1;3;2;2;-
;;Male;10;2;1;1;1;-;1;-;-;1;2;1;-
;;Female;4;-;-;-;-;-;-;-;1;2;-;1;-
;Other foreign countries;Total;1332;92;104;79;109;118;98;115;122;101;144;120;130
;;Male;673;43;49;48;55;52;49;62;56;52;66;64;77
;;Female;659;49;55;31;54;66;49;53;66;49;78;56;53
12 Chiba;Total;Total;1842;139;144;145;134;142;138;176;143;151;190;163;177
;;Male;946;62;85;81;62;67;76;82;79;77;93;93;89
;;Female;896;77;59;64;72;75;62;94;64;74;97;70;88
;Korea;Total;12;1;1;1;1;2;-;1;1;-;2;2;-
;;Male;8;-;1;1;1;1;-;1;-;-;2;1;-
;;Female;4;1;-;-;-;1;-;-;1;-;-;1;-
;China;Total;363;18;26;28;42;25;32;28;32;32;29;30;41
;;Male;204;6;17;16;30;10;17;16;19;22;14;17;20
;;Female;159;12;9;12;12;15;15;12;13;10;15;13;21
;Philippines;Total;105;11;9;4;10;4;8;16;7;3;8;11;14
;;Male;56;4;5;3;4;1;3;9;5;3;4;4;11
;;Female;49;7;4;1;6;3;5;7;2;-;4;7;3
;Thailand;Total;9;-;-;-;1;1;1;3;-;1;-;-;2
;;Male;4;-;-;-;-;1;-;1;-;-;-;-;2
;;Female;5;-;-;-;1;-;1;2;-;1;-;-;-
;U.S.A.;Total;5;1;1;-;-;-;1;-;1;-;-;-;1
;;Male;3;-;1;-;-;-;-;-;1;-;-;-;1
;;Female;2;1;-;-;-;-;1;-;-;-;-;-;-
;United Kingdom;Total;1;-;1;-;-;-;-;-;-;-;-;-;-
;;Male;1;-;1;-;-;-;-;-;-;-;-;-;-
;;Female;-;-;-;-;-;-;-;-;-;-;-;-;-
;Brazil;Total;14;-;3;2;1;1;-;1;-;-;1;1;4
;;Male;5;-;1;-;-;-;-;1;-;-;-;-;3
;;Female;9;-;2;2;1;1;-;-;-;-;1;1;1
;Peru;Total;14;2;1;1;2;1;2;1;-;-;-;1;3
;;Male;6;1;-;-;1;1;-;1;-;-;-;-;2
;;Female;8;1;1;1;1;-;2;-;-;-;-;1;1
;Other foreign countries;Total;1319;106;102;109;77;108;94;126;102;115;150;118;112
;;Male;659;51;59;61;26;53;56;53;54;52;73;71;50
;;Female;660;55;43;48;51;55;38;73;48;63;77;47;62
13 Tokyo;Total;Total;4087;287;318;320;347;296;314;355;375;353;364;355;403
;;Male;2144;152;168;168;192;144;182;174;188;187;194;180;215
;;Female;1943;135;150;152;155;152;132;181;187;166;170;175;188
;Korea;Total;138;10;17;11;16;6;8;14;10;8;6;15;17
;;Male;74;5;11;8;9;3;5;8;2;3;4;7;9
;;Female;64;5;6;3;7;3;3;6;8;5;2;8;8
;China;Total;1347;88;93;111;116;101;109;104;123;123;131;105;143
;;Male;711;51;54;54;66;45;67;47;65;73;68;51;70
;;Female;636;37;39;57;50;56;42;57;58;50;63;54;73
;Philippines;Total;148;9;10;13;16;11;12;13;10;9;10;18;17
;;Male;86;6;5;10;9;8;7;9;5;5;5;10;7
;;Female;62;3;5;3;7;3;5;4;5;4;5;8;10
;Thailand;Total;10;-;1;3;2;-;-;1;-;-;1;2;-
;;Male;5;-;1;-;2;-;-;1;-;-;1;-;-
;;Female;5;-;-;3;-;-;-;-;-;-;-;2;-
;U.S.A.;Total;72;4;7;4;12;6;5;11;5;3;6;2;7
;;Male;34;1;4;1;9;1;2;4;3;2;1;1;5
;;Female;38;3;3;3;3;5;3;7;2;1;5;1;2
;United Kingdom;Total;17;1;1;-;2;2;-;-;4;3;1;2;1
;;Male;10;1;1;-;2;1;-;-;-;2;1;1;1
;;Female;7;-;-;-;-;1;-;-;4;1;-;1;-
;Brazil;Total;17;1;1;2;3;1;2;2;2;-;2;1;-
;;Male;10;1;1;2;2;1;1;1;1;-;-;-;-
;;Female;7;-;-;-;1;-;1;1;1;-;2;1;-
;Peru;Total;7;-;1;-;1;-;1;1;-;1;-;2;-
;;Male;3;-;1;-;1;-;1;-;-;-;-;-;-
;;Female;4;-;-;-;-;-;-;1;-;1;-;2;-
;Other foreign countries;Total;2331;174;187;176;179;169;177;209;221;206;207;208;218
;;Male;1211;87;90;93;92;85;99;104;112;102;114;110;123
;;Female;1120;87;97;83;87;84;78;105;109;104;93;98;95
14 Kanagawa;Total;Total;1976;187;144;167;124;137;146;159;185;193;180;183;171
;;Male;990;82;77;84;63;68;79;77;91;97;91;96;85
;;Female;986;105;67;83;61;69;67;82;94;96;89;87;86
;Korea;Total;35;5;5;2;4;2;2;4;2;1;2;3;3
;;Male;15;3;2;1;1;1;1;2;1;-;1;1;1
;;Female;20;2;3;1;3;1;1;2;1;1;1;2;2
;China;Total;412;36;34;33;23;22;25;36;43;51;40;35;34
;;Male;213;15;19;23;15;13;12;14;19;27;24;16;16
;;Female;199;21;15;10;8;9;13;22;24;24;16;19;18
;Philippines;Total;165;19;13;11;16;10;8;10;18;21;12;12;15
;;Male;79;10;5;6;10;5;1;3;11;9;7;3;9
;;Female;86;9;8;5;6;5;7;7;7;12;5;9;6
;Thailand;Total;10;-;-;1;-;1;1;-;-;2;-;3;2
;;Male;3;-;-;-;-;-;-;-;-;-;-;2;1
;;Female;7;-;-;1;-;1;1;-;-;2;-;1;1
;U.S.A.;Total;28;1;1;2;2;5;-;3;2;3;2;4;3
;;Male;15;1;1;1;2;1;-;2;1;2;-;3;1
;;Female;13;-;-;1;-;4;-;1;1;1;2;1;2
;United Kingdom;Total;2;-;-;-;-;-;-;1;-;1;-;-;-
;;Male;1;-;-;-;-;-;-;1;-;-;-;-;-
;;Female;1;-;-;-;-;-;-;-;-;1;-;-;-
;Brazil;Total;34;7;2;2;4;3;1;5;2;4;-;3;1
;;Male;23;4;2;2;3;1;-;4;2;2;-;2;1
;;Female;11;3;-;-;1;2;1;1;-;2;-;1;-
;Peru;Total;25;1;2;1;2;1;3;2;5;2;2;3;1
;;Male;11;1;1;1;1;-;1;1;3;1;-;1;-
;;Female;14;-;1;-;1;1;2;1;2;1;2;2;1
;Other foreign countries;Total;1265;118;87;115;73;93;106;98;113;108;122;120;112
;;Male;630;48;47;50;31;47;64;50;54;56;59;68;56
;;Female;635;70;40;65;42;46;42;48;59;52;63;52;56
15 Niigata;Total;Total;78;9;2;8;6;6;3;8;8;5;4;14;5
;;Male;42;4;1;4;4;5;1;6;3;2;2;8;2
;;Female;36;5;1;4;2;1;2;2;5;3;2;6;3
;Korea;Total;-;-;-;-;-;-;-;-;-;-;-;-;-
;;Male;-;-;-;-;-;-;-;-;-;-;-;-;-
;;Female;-;-;-;-;-;-;-;-;-;-;-;-;-
;China;Total;8;1;-;1;-;2;-;4;-;-;-;-;-
;;Male;6;1;-;-;-;2;-;3;-;-;-;-;-
;;Female;2;-;-;1;-;-;-;1;-;-;-;-;-
;Philippines;Total;14;-;-;4;1;1;1;1;1;-;1;2;2
;;Male;6;-;-;3;-;1;-;-;-;-;1;1;-
;;Female;8;-;-;1;1;-;1;1;1;-;-;1;2
;Thailand;Total;-;-;-;-;-;-;-;-;-;-;-;-;-
;;Male;-;-;-;-;-;-;-;-;-;-;-;-;-
;;Female;-;-;-;-;-;-;-;-;-;-;-;-;-
;U.S.A.;Total;1;1;-;-;-;-;-;-;-;-;-;-;-
;;Male;1;1;-;-;-;-;-;-;-;-;-;-;-
;;Female;-;-;-;-;-;-;-;-;-;-;-;-;-
;United Kingdom;Total;-;-;-;-;-;-;-;-;-;-;-;-;-
;;Male;-;-;-;-;-;-;-;-;-;-;-;-;-
;;Female;-;-;-;-;-;-;-;-;-;-;-;-;-
;Brazil;Total;2;1;-;1;-;-;-;-;-;-;-;-;-
;;Male;-;-;-;-;-;-;-;-;-;-;-;-;-
;;Female;2;1;-;1;-;-;-;-;-;-;-;-;-
;Peru;Total;-;-;-;-;-;-;-;-;-;-;-;-;-
;;Male;-;-;-;-;-;-;-;-;-;-;-;-;-
;;Female;-;-;-;-;-;-;-;-;-;-;-;-;-
;Other foreign countries;Total;53;6;2;2;5;3;2;3;7;5;3;12;3
;;Male;29;2;1;1;4;2;1;3;3;2;1;7;2
;;Female;24;4;1;1;1;1;1;-;4;3;2;5;1
16 Toyama;Total;Total;143;8;8;11;9;10;11;16;19;14;10;11;16
;;Male;76;6;4;6;5;6;5;12;7;6;4;4;11
;;Female;67;2;4;5;4;4;6;4;12;8;6;7;5
;Korea;Total;-;-;-;-;-;-;-;-;-;-;-;-;-
;;Male;-;-;-;-;-;-;-;-;-;-;-;-;-
;;Female;-;-;-;-;-;-;-;-;-;-;-;-;-
;China;Total;21;1;2;1;2;1;4;3;2;1;2;-;2
;;Male;13;1;1;1;1;1;3;2;2;-;1;-;-
;;Female;8;-;1;-;1;-;1;1;-;1;1;-;2
;Philippines;Total;14;1;1;-;1;1;-;2;1;1;1;2;3
;;Male;7;-;-;-;-;1;-;2;-;-;1;1;2
;;Female;7;1;1;-;1;-;-;-;1;1;-;1;1
;Thailand;Total;-;-;-;-;-;-;-;-;-;-;-;-;-
;;Male;-;-;-;-;-;-;-;-;-;-;-;-;-
;;Female;-;-;-;-;-;-;-;-;-;-;-;-;-
;U.S.A.;Total;-;-;-;-;-;-;-;-;-;-;-;-;-
;;Male;-;-;-;-;-;-;-;-;-;-;-;-;-
;;Female;-;-;-;-;-;-;-;-;-;-;-;-;-
;United Kingdom;Total;-;-;-;-;-;-;-;-;-;-;-;-;-
;;Male;-;-;-;-;-;-;-;-;-;-;-;-;-
;;Female;-;-;-;-;-;-;-;-;-;-;-;-;-
;Brazil;Total;20;1;1;1;-;1;1;2;6;2;1;1;3
;;Male;10;1;-;-;-;1;-;-;3;1;-;1;3
;;Female;10;-;1;1;-;-;1;2;3;1;1;-;-
;Peru;Total;-;-;-;-;-;-;-;-;-;-;-;-;-
;;Male;-;-;-;-;-;-;-;-;-;-;-;-;-
;;Female;-;-;-;-;-;-;-;-;-;-;-;-;-
;Other foreign countries;Total;88;5;4;9;6;7;6;9;10;10;6;8;8
;;Male;46;4;3;5;4;3;2;8;2;5;2;2;6
;;Female;42;1;1;4;2;4;4;1;8;5;4;6;2
17 Ishikawa;Total;Total;105;9;9;4;4;8;8;10;11;16;10;8;8
;;Male;49;4;5;4;2;2;4;6;3;6;6;3;4
;;Female;56;5;4;-;2;6;4;4;8;10;4;5;4
;Korea;Total;-;-;-;-;-;-;-;-;-;-;-;-;-
;;Male;-;-;-;-;-;-;-;-;-;-;-;-;-
;;Female;-;-;-;-;-;-;-;-;-;-;-;-;-
;China;Total;12;-;1;-;-;-;3;2;3;1;1;-;1
;;Male;6;-;-;-;-;-;3;1;1;1;-;-;-
;;Female;6;-;1;-;-;-;-;1;2;-;1;-;1
;Philippines;Total;7;2;-;-;-;-;-;-;1;1;-;1;2
;;Male;4;-;-;-;-;-;-;-;-;1;-;1;2
;;Female;3;2;-;-;-;-;-;-;1;-;-;-;-
;Thailand;Total;1;-;-;-;-;-;-;-;-;-;-;1;-
;;Male;-;-;-;-;-;-;-;-;-;-;-;-;-
;;Female;1;-;-;-;-;-;-;-;-;-;-;1;-
;U.S.A.;Total;-;-;-;-;-;-;-;-;-;-;-;-;-
;;Male;-;-;-;-;-;-;-;-;-;-;-;-;-
;;Female;-;-;-;-;-;-;-;-;-;-;-;-;-
;United Kingdom;Total;-;-;-;-;-;-;-;-;-;-;-;-;-
;;Male;-;-;-;-;-;-;-;-;-;-;-;-;-
;;Female;-;-;-;-;-;-;-;-;-;-;-;-;-
;Brazil;Total;17;1;2;-;-;3;1;2;3;2;2;1;-
;;Male;6;-;2;-;-;-;-;1;1;1;1;-;-
;;Female;11;1;-;-;-;3;1;1;2;1;1;1;-
;Peru;Total;-;-;-;-;-;-;-;-;-;-;-;-;-
;;Male;-;-;-;-;-;-;-;-;-;-;-;-;-
;;Female;-;-;-;-;-;-;-;-;-;-;-;-;-
;Other foreign countries;Total;68;6;6;4;4;5;4;6;4;12;7;5;5
;;Male;33;4;3;4;2;2;1;4;1;3;5;2;2
;;Female;35;2;3;-;2;3;3;2;3;9;2;3;3
18 Fukui;Total;Total;87;9;3;9;6;13;7;9;5;5;8;9;4
;;Male;38;6;1;3;3;5;5;4;2;-;3;4;2
;;Female;49;3;2;6;3;8;2;5;3;5;5;5;2
;Korea;Total;-;-;-;-;-;-;-;-;-;-;-;-;-
;;Male;-;-;-;-;-;-;-;-;-;-;-;-;-
;;Female;-;-;-;-;-;-;-;-;-;-;-;-;-
;China;Total;5;-;-;1;-;-;1;-;1;1;-;1;-
;;Male;4;-;-;1;-;-;1;-;1;-;-;1;-
;;Female;1;-;-;-;-;-;-;-;-;1;-;-;-
;Philippines;Total;10;1;-;-;2;1;2;1;1;-;1;1;-
;;Male;5;1;-;-;1;-;1;-;1;-;-;1;-
;;Female;5;-;-;-;1;1;1;1;-;-;1;-;-
;Thailand;Total;-;-;-;-;-;-;-;-;-;-;-;-;-
;;Male;-;-;-;-;-;-;-;-;-;-;-;-;-
;;Female;-;-;-;-;-;-;-;-;-;-;-;-;-
;U.S.A.;Total;1;-;-;1;-;-;-;-;-;-;-;-;-
;;Male;-;-;-;-;-;-;-;-;-;-;-;-;-
;;Female;1;-;-;1;-;-;-;-;-;-;-;-;-
;United Kingdom;Total;-;-;-;-;-;-;-;-;-;-;-;-;-
;;Male;-;-;-;-;-;-;-;-;-;-;-;-;-
;;Female;-;-;-;-;-;-;-;-;-;-;-;-;-
;Brazil;Total;29;4;1;4;1;3;1;3;2;2;2;4;2
;;Male;7;1;-;1;-;-;1;2;-;-;-;1;1
;;Female;22;3;1;3;1;3;-;1;2;2;2;3;1
;Peru;Total;-;-;-;-;-;-;-;-;-;-;-;-;-
;;Male;-;-;-;-;-;-;-;-;-;-;-;-;-
;;Female;-;-;-;-;-;-;-;-;-;-;-;-;-
;Other foreign countries;Total;42;4;2;3;3;9;3;5;1;2;5;3;2
;;Male;22;4;1;1;2;5;2;2;-;-;3;1;1
;;Female;20;-;1;2;1;4;1;3;1;2;2;2;1
19 Yamanashi;Total;Total;115;10;8;8;8;8;10;7;13;8;18;7;10
;;Male;52;6;5;4;2;3;6;1;5;4;6;3;7
;;Female;63;4;3;4;6;5;4;6;8;4;12;4;3
;Korea;Total;-;-;-;-;-;-;-;-;-;-;-;-;-
;;Male;-;-;-;-;-;-;-;-;-;-;-;-;-
;;Female;-;-;-;-;-;-;-;-;-;-;-;-;-
;China;Total;18;4;3;2;2;-;-;-;1;2;2;1;1
;;Male;11;3;3;1;-;-;-;-;-;-;2;1;1
;;Female;7;1;-;1;2;-;-;-;1;2;-;-;-
;Philippines;Total;5;-;-;1;1;-;1;-;-;-;1;-;1
;;Male;3;-;-;1;1;-;-;-;-;-;-;-;1
;;Female;2;-;-;-;-;-;1;-;-;-;1;-;-
;Thailand;Total;-;-;-;-;-;-;-;-;-;-;-;-;-
;;Male;-;-;-;-;-;-;-;-;-;-;-;-;-
;;Female;-;-;-;-;-;-;-;-;-;-;-;-;-
;U.S.A.;Total;2;-;-;-;-;-;1;-;-;-;-;-;1
;;Male;2;-;-;-;-;-;1;-;-;-;-;-;1
;;Female;-;-;-;-;-;-;-;-;-;-;-;-;-
;United Kingdom;Total;-;-;-;-;-;-;-;-;-;-;-;-;-
;;Male;-;-;-;-;-;-;-;-;-;-;-;-;-
;;Female;-;-;-;-;-;-;-;-;-;-;-;-;-
;Brazil;Total;11;2;1;-;1;-;1;1;3;1;1;-;-
;;Male;5;1;-;-;-;-;1;-;2;-;1;-;-
;;Female;6;1;1;-;1;-;-;1;1;1;-;-;-
;Peru;Total;-;-;-;-;-;-;-;-;-;-;-;-;-
;;Male;-;-;-;-;-;-;-;-;-;-;-;-;-
;;Female;-;-;-;-;-;-;-;-;-;-;-;-;-
;Other foreign countries;Total;79;4;4;5;4;8;7;6;9;5;14;6;7
;;Male;31;2;2;2;1;3;4;1;3;4;3;2;4
;;Female;48;2;2;3;3;5;3;5;6;1;11;4;3
20 Nagano;Total;Total;172;14;10;12;18;20;15;15;13;12;15;13;15
;;Male;81;5;4;7;9;11;10;6;6;3;5;6;9
;;Female;91;9;6;5;9;9;5;9;7;9;10;7;6
;Korea;Total;5;1;-;-;-;-;3;-;-;-;1;-;-
;;Male;2;1;-;-;-;-;1;-;-;-;-;-;-
;;Female;3;-;-;-;-;-;2;-;-;-;1;-;-
;China;Total;17;1;-;4;-;2;2;2;1;-;-;3;2
;;Male;6;-;-;1;-;-;1;-;1;-;-;1;2
;;Female;11;1;-;3;-;2;1;2;-;-;-;2;-
;Philippines;Total;21;3;2;1;2;3;-;-;6;1;-;1;2
;;Male;10;1;1;1;2;1;-;-;2;-;-;-;2
;;Female;11;2;1;-;-;2;-;-;4;1;-;1;-
;Thailand;Total;5;1;1;-;-;1;1;1;-;-;-;-;-
;;Male;2;-;-;-;-;1;1;-;-;-;-;-;-
;;Female;3;1;1;-;-;-;-;1;-;-;-;-;-
;U.S.A.;Total;2;-;-;-;-;-;-;-;-;-;-;-;2
;;Male;1;-;-;-;-;-;-;-;-;-;-;-;1
;;Female;1;-;-;-;-;-;-;-;-;-;-;-;1
;United Kingdom;Total;1;-;-;-;-;-;-;-;-;-;1;-;-
;;Male;1;-;-;-;-;-;-;-;-;-;1;-;-
;;Female;-;-;-;-;-;-;-;-;-;-;-;-;-
;Brazil;Total;24;-;1;2;5;3;2;2;-;4;3;1;1
;;Male;13;-;1;2;3;3;2;1;-;-;-;1;-
;;Female;11;-;-;-;2;-;-;1;-;4;3;-;1
;Peru;Total;5;-;-;-;2;2;1;-;-;-;-;-;-
;;Male;2;-;-;-;-;1;1;-;-;-;-;-;-
;;Female;3;-;-;-;2;1;-;-;-;-;-;-;-
;Other foreign countries;Total;92;8;6;5;9;9;6;10;6;7;10;8;8
;;Male;44;3;2;3;4;5;4;5;3;3;4;4;4
;;Female;48;5;4;2;5;4;2;5;3;4;6;4;4
21 Gifu;Total;Total;495;40;39;40;38;34;32;35;49;47;44;42;55
;;Male;254;20;20;24;22;12;16;17;20;24;25;22;32
;;Female;241;20;19;16;16;22;16;18;29;23;19;20;23
;Korea;Total;3;-;-;-;-;1;-;1;1;-;-;-;-
;;Male;1;-;-;-;-;1;-;-;-;-;-;-;-
;;Female;2;-;-;-;-;-;-;1;1;-;-;-;-
;China;Total;24;1;4;4;2;3;2;-;2;-;2;1;3
;;Male;13;-;2;2;2;2;1;-;1;-;-;1;2
;;Female;11;1;2;2;-;1;1;-;1;-;2;-;1
;Philippines;Total;169;13;18;12;9;11;15;18;17;14;11;13;18
;;Male;83;7;10;8;3;3;8;9;7;7;5;7;9
;;Female;86;6;8;4;6;8;7;9;10;7;6;6;9
;Thailand;Total;-;-;-;-;-;-;-;-;-;-;-;-;-
;;Male;-;-;-;-;-;-;-;-;-;-;-;-;-
;;Female;-;-;-;-;-;-;-;-;-;-;-;-;-
;U.S.A.;Total;3;-;1;-;1;-;-;-;1;-;-;-;-
;;Male;3;-;1;-;1;-;-;-;1;-;-;-;-
;;Female;-;-;-;-;-;-;-;-;-;-;-;-;-
;United Kingdom;Total;-;-;-;-;-;-;-;-;-;-;-;-;-
;;Male;-;-;-;-;-;-;-;-;-;-;-;-;-
;;Female;-;-;-;-;-;-;-;-;-;-;-;-;-
;Brazil;Total;71;9;2;3;7;5;5;6;4;7;5;9;9
;;Male;39;5;2;1;4;2;2;3;1;7;4;4;4
;;Female;32;4;-;2;3;3;3;3;3;-;1;5;5
;Peru;Total;10;-;2;1;-;-;-;-;-;2;1;1;3
;;Male;4;-;-;-;-;-;-;-;-;1;1;-;2
;;Female;6;-;2;1;-;-;-;-;-;1;-;1;1
;Other foreign countries;Total;215;17;12;20;19;14;10;10;24;24;25;18;22
;;Male;111;8;5;13;12;4;5;5;10;9;15;10;15
;;Female;104;9;7;7;7;10;5;5;14;15;10;8;7
22 Shizuoka;Total;Total;854;67;61;68;51;62;67;70;87;77;83;78;83
;;Male;438;40;30;31;24;31;28;33;49;42;43;42;45
;;Female;416;27;31;37;27;31;39;37;38;35;40;36;38
;Korea;Total;1;-;1;-;-;-;-;-;-;-;-;-;-
;;Male;1;-;1;-;-;-;-;-;-;-;-;-;-
;;Female;-;-;-;-;-;-;-;-;-;-;-;-;-
;China;Total;36;1;8;4;2;4;3;2;4;1;2;5;-
;;Male;25;1;5;2;2;2;2;2;3;1;1;4;-
;;Female;11;-;3;2;-;2;1;-;1;-;1;1;-
;Philippines;Total;157;19;14;10;8;10;10;23;14;12;11;12;14
;;Male;75;9;6;3;5;5;2;9;9;8;6;6;7
;;Female;82;10;8;7;3;5;8;14;5;4;5;6;7
;Thailand;Total;1;-;-;-;-;1;-;-;-;-;-;-;-
;;Male;1;-;-;-;-;1;-;-;-;-;-;-;-
;;Female;-;-;-;-;-;-;-;-;-;-;-;-;-
;U.S.A.;Total;1;-;-;-;1;-;-;-;-;-;-;-;-
;;Male;-;-;-;-;-;-;-;-;-;-;-;-;-
;;Female;1;-;-;-;1;-;-;-;-;-;-;-;-
;United Kingdom;Total;1;-;-;-;-;-;-;-;-;-;-;1;-
;;Male;-;-;-;-;-;-;-;-;-;-;-;-;-
;;Female;1;-;-;-;-;-;-;-;-;-;-;1;-
;Brazil;Total;234;19;16;17;19;12;24;17;24;24;19;19;24
;;Male;117;11;7;10;9;7;8;9;12;14;10;9;11
;;Female;117;8;9;7;10;5;16;8;12;10;9;10;13
;Peru;Total;31;2;1;4;-;5;4;2;4;3;2;2;2
;;Male;16;1;1;2;-;2;2;1;2;1;-;2;2
;;Female;15;1;-;2;-;3;2;1;2;2;2;-;-
;Other foreign countries;Total;392;26;21;33;21;30;26;26;41;37;49;39;43
;;Male;203;18;10;14;8;14;14;12;23;18;26;21;25
;;Female;189;8;11;19;13;16;12;14;18;19;23;18;18
23 Aichi;Total;Total;2622;197;210;200;205;219;199;242;224;242;240;210;234
;;Male;1350;106;106;102;91;119;104;123;116;131;126;108;118
;;Female;1272;91;104;98;114;100;95;119;108;111;114;102;116
;Korea;Total;27;2;1;2;3;2;2;4;2;2;3;1;3
;;Male;13;1;-;-;1;1;1;2;1;1;2;1;2
;;Female;14;1;1;2;2;1;1;2;1;1;1;-;1
;China;Total;236;10;25;20;18;14;18;26;28;24;12;24;17
;;Male;120;5;14;8;8;8;7;15;14;14;5;11;11
;;Female;116;5;11;12;10;6;11;11;14;10;7;13;6
;Philippines;Total;366;29;34;24;37;35;33;32;21;41;36;24;20
;;Male;173;19;18;11;11;13;16;17;11;17;19;13;8
;;Female;193;10;16;13;26;22;17;15;10;24;17;11;12
;Thailand;Total;3;-;-;-;-;-;1;-;1;-;-;1;-
;;Male;1;-;-;-;-;-;1;-;-;-;-;-;-
;;Female;2;-;-;-;-;-;-;-;1;-;-;1;-
;U.S.A.;Total;6;1;-;-;-;1;-;1;-;1;-;1;1
;;Male;2;-;-;-;-;-;-;-;-;1;-;1;-
;;Female;4;1;-;-;-;1;-;1;-;-;-;-;1
;United Kingdom;Total;1;-;-;-;-;1;-;-;-;-;-;-;-
;;Male;1;-;-;-;-;1;-;-;-;-;-;-;-
;;Female;-;-;-;-;-;-;-;-;-;-;-;-;-
;Brazil;Total;428;38;28;33;42;34;27;46;41;32;28;33;46
;;Male;222;17;22;17;20;22;13;21;18;19;13;19;21
;;Female;206;21;6;16;22;12;14;25;23;13;15;14;25
;Peru;Total;55;6;2;6;9;5;3;3;4;8;2;2;5
;;Male;28;3;1;3;5;4;2;-;2;3;1;2;2
;;Female;27;3;1;3;4;1;1;3;2;5;1;-;3
;Other foreign countries;Total;1500;111;120;115;96;127;115;130;127;134;159;124;142
;;Male;790;61;51;63;46;70;64;68;70;76;86;61;74
;;Female;710;50;69;52;50;57;51;62;57;58;73;63;68
24 Mie;Total;Total;481;38;33;47;35;35;31;50;39;45;42;43;43
;;Male;252;17;20;27;19;12;17;23;18;30;23;21;25
;;Female;229;21;13;20;16;23;14;27;21;15;19;22;18
;Korea;Total;3;1;-;-;1;-;-;-;-;-;1;-;-
;;Male;2;-;-;-;1;-;-;-;-;-;1;-;-
;;Female;1;1;-;-;-;-;-;-;-;-;-;-;-
;China;Total;22;1;-;-;-;3;-;1;3;4;6;1;3
;;Male;11;1;-;-;-;1;-;-;2;4;2;-;1
;;Female;11;-;-;-;-;2;-;1;1;-;4;1;2
;Philippines;Total;68;5;9;4;5;2;2;7;7;7;3;8;9
;;Male;36;1;7;3;3;1;1;3;3;3;2;4;5
;;Female;32;4;2;1;2;1;1;4;4;4;1;4;4
;Thailand;Total;4;-;-;1;-;-;1;1;-;-;-;-;1
;;Male;3;-;-;1;-;-;1;-;-;-;-;-;1
;;Female;1;-;-;-;-;-;-;1;-;-;-;-;-
;U.S.A.;Total;-;-;-;-;-;-;-;-;-;-;-;-;-
;;Male;-;-;-;-;-;-;-;-;-;-;-;-;-
;;Female;-;-;-;-;-;-;-;-;-;-;-;-;-
;United Kingdom;Total;-;-;-;-;-;-;-;-;-;-;-;-;-
;;Male;-;-;-;-;-;-;-;-;-;-;-;-;-
;;Female;-;-;-;-;-;-;-;-;-;-;-;-;-
;Brazil;Total;106;9;5;9;8;10;5;11;11;10;10;7;11
;;Male;48;6;1;3;4;1;3;6;4;5;6;4;5
;;Female;58;3;4;6;4;9;2;5;7;5;4;3;6
;Peru;Total;23;1;2;2;2;-;-;6;2;2;2;3;1
;;Male;11;-;-;1;2;-;-;3;2;2;-;-;1
;;Female;12;1;2;1;-;-;-;3;-;-;2;3;-
;Other foreign countries;Total;255;21;17;31;19;20;23;24;16;22;20;24;18
;;Male;141;9;12;19;9;9;12;11;7;16;12;13;12
;;Female;114;12;5;12;10;11;11;13;9;6;8;11;6
25 Shiga;Total;Total;255;21;17;20;16;22;17;26;22;27;18;27;22
;;Male;156;14;10;10;11;11;11;19;14;16;10;14;16
;;Female;99;7;7;10;5;11;6;7;8;11;8;13;6
;Korea;Total;-;-;-;-;-;-;-;-;-;-;-;-;-
;;Male;-;-;-;-;-;-;-;-;-;-;-;-;-
;;Female;-;-;-;-;-;-;-;-;-;-;-;-;-
;China;Total;13;-;2;-;1;-;1;2;3;3;-;-;1
;;Male;10;-;2;-;1;-;1;1;2;2;-;-;1
;;Female;3;-;-;-;-;-;-;1;1;1;-;-;-
;Philippines;Total;23;4;1;3;2;2;2;2;1;2;1;3;-
;;Male;10;1;-;2;-;1;1;2;-;1;-;2;-
;;Female;13;3;1;1;2;1;1;-;1;1;1;1;-
;Thailand;Total;-;-;-;-;-;-;-;-;-;-;-;-;-
;;Male;-;-;-;-;-;-;-;-;-;-;-;-;-
;;Female;-;-;-;-;-;-;-;-;-;-;-;-;-
;U.S.A.;Total;1;-;-;-;-;-;-;-;-;-;1;-;-
;;Male;1;-;-;-;-;-;-;-;-;-;1;-;-
;;Female;-;-;-;-;-;-;-;-;-;-;-;-;-
;United Kingdom;Total;-;-;-;-;-;-;-;-;-;-;-;-;-
;;Male;-;-;-;-;-;-;-;-;-;-;-;-;-
;;Female;-;-;-;-;-;-;-;-;-;-;-;-;-
;Brazil;Total;53;4;3;7;4;6;4;3;4;6;2;3;7
;;Male;36;4;-;5;3;3;3;2;4;3;2;1;6
;;Female;17;-;3;2;1;3;1;1;-;3;-;2;1
;Peru;Total;7;-;1;1;1;-;-;-;-;-;1;3;-
;;Male;4;-;-;1;1;-;-;-;-;-;1;1;-
;;Female;3;-;1;-;-;-;-;-;-;-;-;2;-
;Other foreign countries;Total;158;13;10;9;8;14;10;19;14;16;13;18;14
;;Male;95;9;8;2;6;7;6;14;8;10;6;10;9
;;Female;63;4;2;7;2;7;4;5;6;6;7;8;5
26 Kyoto;Total;Total;325;30;14;28;22;22;21;31;37;32;35;26;27
;;Male;185;16;9;14;15;8;12;21;22;18;19;15;16
;;Female;140;14;5;14;7;14;9;10;15;14;16;11;11
;Korea;Total;11;1;1;2;1;2;1;1;-;-;1;1;-
;;Male;7;1;1;1;1;1;1;1;-;-;-;-;-
;;Female;4;-;-;1;-;1;-;-;-;-;1;1;-
;China;Total;73;10;1;4;6;5;4;6;13;6;9;6;3
;;Male;44;6;-;2;2;2;3;4;7;5;5;5;3
;;Female;29;4;1;2;4;3;1;2;6;1;4;1;-
;Philippines;Total;7;1;-;1;-;-;1;-;1;3;-;-;-
;;Male;5;1;-;1;-;-;1;-;1;1;-;-;-
;;Female;2;-;-;-;-;-;-;-;-;2;-;-;-
;Thailand;Total;2;-;-;-;-;-;-;-;-;1;1;-;-
;;Male;-;-;-;-;-;-;-;-;-;-;-;-;-
;;Female;2;-;-;-;-;-;-;-;-;1;1;-;-
;U.S.A.;Total;3;-;-;-;1;-;-;-;-;-;-;-;2
;;Male;2;-;-;-;1;-;-;-;-;-;-;-;1
;;Female;1;-;-;-;-;-;-;-;-;-;-;-;1
;United Kingdom;Total;-;-;-;-;-;-;-;-;-;-;-;-;-
;;Male;-;-;-;-;-;-;-;-;-;-;-;-;-
;;Female;-;-;-;-;-;-;-;-;-;-;-;-;-
;Brazil;Total;2;1;-;-;-;-;-;1;-;-;-;-;-
;;Male;1;-;-;-;-;-;-;1;-;-;-;-;-
;;Female;1;1;-;-;-;-;-;-;-;-;-;-;-
;Peru;Total;2;1;-;-;-;-;-;1;-;-;-;-;-
;;Male;2;1;-;-;-;-;-;1;-;-;-;-;-
;;Female;-;-;-;-;-;-;-;-;-;-;-;-;-
;Other foreign countries;Total;225;16;12;21;14;15;15;22;23;22;24;19;22
;;Male;124;7;8;10;11;5;7;14;14;12;14;10;12
;;Female;101;9;4;11;3;10;8;8;9;10;10;9;10
27 Osaka;Total;Total;1997;156;135;148;151;160;164;159;177;188;197;159;203
;;Male;1011;78;60;90;71;87;74;77;85;102;104;86;97
;;Female;986;78;75;58;80;73;90;82;92;86;93;73;106
;Korea;Total;97;13;11;8;4;10;12;4;3;9;10;4;9
;;Male;50;6;6;6;2;3;4;1;1;7;7;2;5
;;Female;47;7;5;2;2;7;8;3;2;2;3;2;4
;China;Total;495;37;38;34;42;39;49;57;41;35;42;36;45
;;Male;251;18;19;22;22;24;25;25;21;19;20;21;15
;;Female;244;19;19;12;20;15;24;32;20;16;22;15;30
;Philippines;Total;63;4;4;6;4;4;7;7;7;7;2;2;9
;;Male;36;3;2;4;2;3;3;4;4;5;-;1;5
;;Female;27;1;2;2;2;1;4;3;3;2;2;1;4
;Thailand;Total;6;-;-;-;-;1;1;-;-;1;1;1;1
;;Male;2;-;-;-;-;1;-;-;-;-;1;-;-
;;Female;4;-;-;-;-;-;1;-;-;1;-;1;1
;U.S.A.;Total;8;1;1;1;2;1;1;-;1;-;-;-;-
;;Male;4;1;-;1;1;-;1;-;-;-;-;-;-
;;Female;4;-;1;-;1;1;-;-;1;-;-;-;-
;United Kingdom;Total;1;-;-;-;-;1;-;-;-;-;-;-;-
;;Male;1;-;-;-;-;1;-;-;-;-;-;-;-
;;Female;-;-;-;-;-;-;-;-;-;-;-;-;-
;Brazil;Total;14;1;3;-;-;2;2;1;2;1;-;1;1
;;Male;5;-;1;-;-;1;1;-;-;-;-;1;1
;;Female;9;1;2;-;-;1;1;1;2;1;-;-;-
;Peru;Total;3;-;1;-;-;-;-;-;1;-;1;-;-
;;Male;1;-;-;-;-;-;-;-;-;-;1;-;-
;;Female;2;-;1;-;-;-;-;-;1;-;-;-;-
;Other foreign countries;Total;1310;100;77;99;99;102;92;90;122;135;141;115;138
;;Male;661;50;32;57;44;54;40;47;59;71;75;61;71
;;Female;649;50;45;42;55;48;52;43;63;64;66;54;67
28 Hyogo;Total;Total;758;57;50;41;54;60;50;53;71;73;87;80;82
;;Male;400;30;29;22;28;30;27;28;34;44;46;43;39
;;Female;358;27;21;19;26;30;23;25;37;29;41;37;43
;Korea;Total;34;1;3;3;3;5;-;3;2;1;1;7;5
;;Male;17;1;2;1;1;4;-;1;1;-;-;3;3
;;Female;17;-;1;2;2;1;-;2;1;1;1;4;2
;China;Total;100;7;9;4;7;6;10;9;14;10;11;4;9
;;Male;58;4;6;2;2;4;7;3;7;8;7;3;5
;;Female;42;3;3;2;5;2;3;6;7;2;4;1;4
;Philippines;Total;20;2;1;2;2;1;1;1;1;1;3;1;4
;;Male;10;1;-;1;1;-;1;-;1;1;3;-;1
;;Female;10;1;1;1;1;1;-;1;-;-;-;1;3
;Thailand;Total;1;-;-;-;-;-;-;-;-;-;1;-;-
;;Male;1;-;-;-;-;-;-;-;-;-;1;-;-
;;Female;-;-;-;-;-;-;-;-;-;-;-;-;-
;U.S.A.;Total;2;-;-;-;-;-;-;-;1;1;-;-;-
;;Male;1;-;-;-;-;-;-;-;1;-;-;-;-
;;Female;1;-;-;-;-;-;-;-;-;1;-;-;-
;United Kingdom;Total;-;-;-;-;-;-;-;-;-;-;-;-;-
;;Male;-;-;-;-;-;-;-;-;-;-;-;-;-
;;Female;-;-;-;-;-;-;-;-;-;-;-;-;-
;Brazil;Total;9;1;-;-;-;1;1;1;3;-;1;1;-
;;Male;2;1;-;-;-;-;-;1;-;-;-;-;-
;;Female;7;-;-;-;-;1;1;-;3;-;1;1;-
;Peru;Total;1;-;-;-;-;-;-;-;1;-;-;-;-
;;Male;-;-;-;-;-;-;-;-;-;-;-;-;-
;;Female;1;-;-;-;-;-;-;-;1;-;-;-;-
;Other foreign countries;Total;591;46;37;32;42;47;38;39;49;60;70;67;64
;;Male;311;23;21;18;24;22;19;23;24;35;35;37;30
;;Female;280;23;16;14;18;25;19;16;25;25;35;30;34
29 Nara;Total;Total;85;3;7;7;6;14;8;8;6;4;8;10;4
;;Male;40;1;6;4;2;5;-;3;2;3;6;5;3
;;Female;45;2;1;3;4;9;8;5;4;1;2;5;1
;Korea;Total;1;-;-;-;1;-;-;-;-;-;-;-;-
;;Male;1;-;-;-;1;-;-;-;-;-;-;-;-
;;Female;-;-;-;-;-;-;-;-;-;-;-;-;-
;China;Total;14;-;2;-;-;3;2;2;-;1;1;2;1
;;Male;7;-;1;-;-;2;-;-;-;1;1;1;1
;;Female;7;-;1;-;-;1;2;2;-;-;-;1;-
;Philippines;Total;6;-;-;2;-;-;1;1;-;-;-;2;-
;;Male;1;-;-;1;-;-;-;-;-;-;-;-;-
;;Female;5;-;-;1;-;-;1;1;-;-;-;2;-
;Thailand;Total;-;-;-;-;-;-;-;-;-;-;-;-;-
;;Male;-;-;-;-;-;-;-;-;-;-;-;-;-
;;Female;-;-;-;-;-;-;-;-;-;-;-;-;-
;U.S.A.;Total;-;-;-;-;-;-;-;-;-;-;-;-;-
;;Male;-;-;-;-;-;-;-;-;-;-;-;-;-
;;Female;-;-;-;-;-;-;-;-;-;-;-;-;-
;United Kingdom;Total;-;-;-;-;-;-;-;-;-;-;-;-;-
;;Male;-;-;-;-;-;-;-;-;-;-;-;-;-
;;Female;-;-;-;-;-;-;-;-;-;-;-;-;-
;Brazil;Total;1;-;-;1;-;-;-;-;-;-;-;-;-
;;Male;-;-;-;-;-;-;-;-;-;-;-;-;-
;;Female;1;-;-;1;-;-;-;-;-;-;-;-;-
;Peru;Total;-;-;-;-;-;-;-;-;-;-;-;-;-
;;Male;-;-;-;-;-;-;-;-;-;-;-;-;-
;;Female;-;-;-;-;-;-;-;-;-;-;-;-;-
;Other foreign countries;Total;63;3;5;4;5;11;5;5;6;3;7;6;3
;;Male;31;1;5;3;1;3;-;3;2;2;5;4;2
;;Female;32;2;-;1;4;8;5;2;4;1;2;2;1
30 Wakayama;Total;Total;19;1;1;-;-;1;1;4;2;3;3;1;2
;;Male;11;1;-;-;-;1;-;3;-;3;3;-;-
;;Female;8;-;1;-;-;-;1;1;2;-;-;1;2
;Korea;Total;-;-;-;-;-;-;-;-;-;-;-;-;-
;;Male;-;-;-;-;-;-;-;-;-;-;-;-;-
;;Female;-;-;-;-;-;-;-;-;-;-;-;-;-
;China;Total;2;-;-;-;-;-;-;1;-;-;-;-;1
;;Male;1;-;-;-;-;-;-;1;-;-;-;-;-
;;Female;1;-;-;-;-;-;-;-;-;-;-;-;1
;Philippines;Total;1;1;-;-;-;-;-;-;-;-;-;-;-
;;Male;1;1;-;-;-;-;-;-;-;-;-;-;-
;;Female;-;-;-;-;-;-;-;-;-;-;-;-;-
;Thailand;Total;-;-;-;-;-;-;-;-;-;-;-;-;-
;;Male;-;-;-;-;-;-;-;-;-;-;-;-;-
;;Female;-;-;-;-;-;-;-;-;-;-;-;-;-
;U.S.A.;Total;-;-;-;-;-;-;-;-;-;-;-;-;-
;;Male;-;-;-;-;-;-;-;-;-;-;-;-;-
;;Female;-;-;-;-;-;-;-;-;-;-;-;-;-
;United Kingdom;Total;-;-;-;-;-;-;-;-;-;-;-;-;-
;;Male;-;-;-;-;-;-;-;-;-;-;-;-;-
;;Female;-;-;-;-;-;-;-;-;-;-;-;-;-
;Brazil;Total;1;-;-;-;-;-;-;-;-;1;-;-;-
;;Male;1;-;-;-;-;-;-;-;-;1;-;-;-
;;Female;-;-;-;-;-;-;-;-;-;-;-;-;-
;Peru;Total;-;-;-;-;-;-;-;-;-;-;-;-;-
;;Male;-;-;-;-;-;-;-;-;-;-;-;-;-
;;Female;-;-;-;-;-;-;-;-;-;-;-;-;-
;Other foreign countries;Total;15;-;1;-;-;1;1;3;2;2;3;1;1
;;Male;8;-;-;-;-;1;-;2;-;2;3;-;-
;;Female;7;-;1;-;-;-;1;1;2;-;-;1;1
31 Tottori;Total;Total;20;-;2;3;2;1;-;1;-;3;4;1;3
;;Male;8;-;1;2;1;1;-;-;-;1;1;-;1
;;Female;12;-;1;1;1;-;-;1;-;2;3;1;2
;Korea;Total;-;-;-;-;-;-;-;-;-;-;-;-;-
;;Male;-;-;-;-;-;-;-;-;-;-;-;-;-
;;Female;-;-;-;-;-;-;-;-;-;-;-;-;-
;China;Total;-;-;-;-;-;-;-;-;-;-;-;-;-
;;Male;-;-;-;-;-;-;-;-;-;-;-;-;-
;;Female;-;-;-;-;-;-;-;-;-;-;-;-;-
;Philippines;Total;1;-;-;-;-;-;-;-;-;-;-;-;1
;;Male;-;-;-;-;-;-;-;-;-;-;-;-;-
;;Female;1;-;-;-;-;-;-;-;-;-;-;-;1
;Thailand;Total;-;-;-;-;-;-;-;-;-;-;-;-;-
;;Male;-;-;-;-;-;-;-;-;-;-;-;-;-
;;Female;-;-;-;-;-;-;-;-;-;-;-;-;-
;U.S.A.;Total;-;-;-;-;-;-;-;-;-;-;-;-;-
;;Male;-;-;-;-;-;-;-;-;-;-;-;-;-
;;Female;-;-;-;-;-;-;-;-;-;-;-;-;-
;United Kingdom;Total;-;-;-;-;-;-;-;-;-;-;-;-;-
;;Male;-;-;-;-;-;-;-;-;-;-;-;-;-
;;Female;-;-;-;-;-;-;-;-;-;-;-;-;-
;Brazil;Total;-;-;-;-;-;-;-;-;-;-;-;-;-
;;Male;-;-;-;-;-;-;-;-;-;-;-;-;-
;;Female;-;-;-;-;-;-;-;-;-;-;-;-;-
;Peru;Total;-;-;-;-;-;-;-;-;-;-;-;-;-
;;Male;-;-;-;-;-;-;-;-;-;-;-;-;-
;;Female;-;-;-;-;-;-;-;-;-;-;-;-;-
;Other foreign countries;Total;19;-;2;3;2;1;-;1;-;3;4;1;2
;;Male;8;-;1;2;1;1;-;-;-;1;1;-;1
;;Female;11;-;1;1;1;-;-;1;-;2;3;1;1
32 Shimane;Total;Total;102;3;8;10;10;10;7;12;8;6;7;12;9
;;Male;55;-;6;6;8;7;2;6;2;3;5;6;4
;;Female;47;3;2;4;2;3;5;6;6;3;2;6;5
;Korea;Total;-;-;-;-;-;-;-;-;-;-;-;-;-
;;Male;-;-;-;-;-;-;-;-;-;-;-;-;-
;;Female;-;-;-;-;-;-;-;-;-;-;-;-;-
;China;Total;6;-;1;1;-;-;1;-;1;1;-;-;1
;;Male;2;-;1;1;-;-;-;-;-;-;-;-;-
;;Female;4;-;-;-;-;-;1;-;1;1;-;-;1
;Philippines;Total;2;1;-;-;-;-;1;-;-;-;-;-;-
;;Male;-;-;-;-;-;-;-;-;-;-;-;-;-
;;Female;2;1;-;-;-;-;1;-;-;-;-;-;-
;Thailand;Total;-;-;-;-;-;-;-;-;-;-;-;-;-
;;Male;-;-;-;-;-;-;-;-;-;-;-;-;-
;;Female;-;-;-;-;-;-;-;-;-;-;-;-;-
;U.S.A.;Total;1;-;-;-;-;-;1;-;-;-;-;-;-
;;Male;-;-;-;-;-;-;-;-;-;-;-;-;-
;;Female;1;-;-;-;-;-;1;-;-;-;-;-;-
;United Kingdom;Total;-;-;-;-;-;-;-;-;-;-;-;-;-
;;Male;-;-;-;-;-;-;-;-;-;-;-;-;-
;;Female;-;-;-;-;-;-;-;-;-;-;-;-;-
;Brazil;Total;69;1;7;7;5;8;3;9;4;4;5;10;6
;;Male;40;-;5;4;4;6;1;5;2;2;4;5;2
;;Female;29;1;2;3;1;2;2;4;2;2;1;5;4
;Peru;Total;-;-;-;-;-;-;-;-;-;-;-;-;-
;;Male;-;-;-;-;-;-;-;-;-;-;-;-;-
;;Female;-;-;-;-;-;-;-;-;-;-;-;-;-
;Other foreign countries;Total;24;1;-;2;5;2;1;3;3;1;2;2;2
;;Male;13;-;-;1;4;1;1;1;-;1;1;1;2
;;Female;11;1;-;1;1;1;-;2;3;-;1;1;-
33 Okayama;Total;Total;179;9;13;15;13;21;12;16;20;20;18;12;10
;;Male;97;7;7;9;6;12;9;6;9;13;8;5;6
;;Female;82;2;6;6;7;9;3;10;11;7;10;7;4
;Korea;Total;4;-;1;1;-;-;-;-;-;1;1;-;-
;;Male;2;-;-;1;-;-;-;-;-;1;-;-;-
;;Female;2;-;1;-;-;-;-;-;-;-;1;-;-
;China;Total;30;2;1;-;2;4;1;2;4;6;3;4;1
;;Male;15;2;1;-;1;2;1;-;2;4;1;1;-
;;Female;15;-;-;-;1;2;-;2;2;2;2;3;1
;Philippines;Total;11;2;1;-;1;2;1;1;1;1;1;-;-
;;Male;7;1;1;-;-;2;1;1;-;1;-;-;-
;;Female;4;1;-;-;1;-;-;-;1;-;1;-;-
;Thailand;Total;-;-;-;-;-;-;-;-;-;-;-;-;-
;;Male;-;-;-;-;-;-;-;-;-;-;-;-;-
;;Female;-;-;-;-;-;-;-;-;-;-;-;-;-
;U.S.A.;Total;-;-;-;-;-;-;-;-;-;-;-;-;-
;;Male;-;-;-;-;-;-;-;-;-;-;-;-;-
;;Female;-;-;-;-;-;-;-;-;-;-;-;-;-
;United Kingdom;Total;-;-;-;-;-;-;-;-;-;-;-;-;-
;;Male;-;-;-;-;-;-;-;-;-;-;-;-;-
;;Female;-;-;-;-;-;-;-;-;-;-;-;-;-
;Brazil;Total;1;-;-;-;-;-;-;-;-;-;-;-;1
;;Male;1;-;-;-;-;-;-;-;-;-;-;-;1
;;Female;-;-;-;-;-;-;-;-;-;-;-;-;-
;Peru;Total;-;-;-;-;-;-;-;-;-;-;-;-;-
;;Male;-;-;-;-;-;-;-;-;-;-;-;-;-
;;Female;-;-;-;-;-;-;-;-;-;-;-;-;-
;Other foreign countries;Total;133;5;10;14;10;15;10;13;15;12;13;8;8
;;Male;72;4;5;8;5;8;7;5;7;7;7;4;5
;;Female;61;1;5;6;5;7;3;8;8;5;6;4;3
34 Hiroshima;Total;Total;311;36;22;17;20;29;20;33;24;34;33;22;21
;;Male;142;13;10;3;12;13;8;16;10;17;18;13;9
;;Female;169;23;12;14;8;16;12;17;14;17;15;9;12
;Korea;Total;4;1;1;-;1;-;-;-;1;-;-;-;-
;;Male;2;-;-;-;1;-;-;-;1;-;-;-;-
;;Female;2;1;1;-;-;-;-;-;-;-;-;-;-
;China;Total;39;6;1;2;-;4;-;7;4;5;3;5;2
;;Male;22;3;1;1;-;3;-;5;1;3;3;1;1
;;Female;17;3;-;1;-;1;-;2;3;2;-;4;1
;Philippines;Total;31;2;3;2;3;4;1;2;4;4;2;1;3
;;Male;13;1;2;-;2;1;-;2;1;1;1;1;1
;;Female;18;1;1;2;1;3;1;-;3;3;1;-;2
;Thailand;Total;1;-;-;-;-;-;1;-;-;-;-;-;-
;;Male;-;-;-;-;-;-;-;-;-;-;-;-;-
;;Female;1;-;-;-;-;-;1;-;-;-;-;-;-
;U.S.A.;Total;1;-;1;-;-;-;-;-;-;-;-;-;-
;;Male;-;-;-;-;-;-;-;-;-;-;-;-;-
;;Female;1;-;1;-;-;-;-;-;-;-;-;-;-
;United Kingdom;Total;-;-;-;-;-;-;-;-;-;-;-;-;-
;;Male;-;-;-;-;-;-;-;-;-;-;-;-;-
;;Female;-;-;-;-;-;-;-;-;-;-;-;-;-
;Brazil;Total;15;1;3;-;-;5;-;2;-;-;3;-;1
;;Male;6;-;1;-;-;4;-;-;-;-;1;-;-
;;Female;9;1;2;-;-;1;-;2;-;-;2;-;1
;Peru;Total;6;-;1;-;-;-;1;2;-;1;1;-;-
;;Male;2;-;-;-;-;-;1;-;-;-;1;-;-
;;Female;4;-;1;-;-;-;-;2;-;1;-;-;-
;Other foreign countries;Total;214;26;12;13;16;16;17;20;15;24;24;16;15
;;Male;97;9;6;2;9;5;7;9;7;13;12;11;7
;;Female;117;17;6;11;7;11;10;11;8;11;12;5;8
35 Yamaguchi;Total;Total;71;7;3;5;5;8;5;5;8;6;6;7;6
;;Male;41;4;2;4;3;5;2;4;4;2;2;6;3
;;Female;30;3;1;1;2;3;3;1;4;4;4;1;3
;Korea;Total;1;-;-;-;-;-;-;-;-;-;-;-;1
;;Male;1;-;-;-;-;-;-;-;-;-;-;-;1
;;Female;-;-;-;-;-;-;-;-;-;-;-;-;-
;China;Total;7;-;-;1;-;-;-;3;-;-;1;1;1
;;Male;4;-;-;1;-;-;-;2;-;-;-;1;-
;;Female;3;-;-;-;-;-;-;1;-;-;1;-;1
;Philippines;Total;10;1;-;-;2;-;-;-;3;1;-;1;2
;;Male;6;1;-;-;1;-;-;-;2;-;-;1;1
;;Female;4;-;-;-;1;-;-;-;1;1;-;-;1
;Thailand;Total;-;-;-;-;-;-;-;-;-;-;-;-;-
;;Male;-;-;-;-;-;-;-;-;-;-;-;-;-
;;Female;-;-;-;-;-;-;-;-;-;-;-;-;-
;U.S.A.;Total;7;1;-;-;1;2;-;-;3;-;-;-;-
;;Male;2;-;-;-;-;2;-;-;-;-;-;-;-
;;Female;5;1;-;-;1;-;-;-;3;-;-;-;-
;United Kingdom;Total;-;-;-;-;-;-;-;-;-;-;-;-;-
;;Male;-;-;-;-;-;-;-;-;-;-;-;-;-
;;Female;-;-;-;-;-;-;-;-;-;-;-;-;-
;Brazil;Total;2;1;-;-;-;-;-;-;-;1;-;-;-
;;Male;2;1;-;-;-;-;-;-;-;1;-;-;-
;;Female;-;-;-;-;-;-;-;-;-;-;-;-;-
;Peru;Total;-;-;-;-;-;-;-;-;-;-;-;-;-
;;Male;-;-;-;-;-;-;-;-;-;-;-;-;-
;;Female;-;-;-;-;-;-;-;-;-;-;-;-;-
;Other foreign countries;Total;44;4;3;4;2;6;5;2;2;4;5;5;2
;;Male;26;2;2;3;2;3;2;2;2;1;2;4;1
;;Female;18;2;1;1;-;3;3;-;-;3;3;1;1
36 Tokushima;Total;Total;30;5;2;2;1;2;3;2;3;1;3;2;4
;;Male;14;2;-;1;1;-;2;1;2;-;1;1;3
;;Female;16;3;2;1;-;2;1;1;1;1;2;1;1
;Korea;Total;-;-;-;-;-;-;-;-;-;-;-;-;-
;;Male;-;-;-;-;-;-;-;-;-;-;-;-;-
;;Female;-;-;-;-;-;-;-;-;-;-;-;-;-
;China;Total;4;1;-;-;-;1;-;1;-;-;-;1;-
;;Male;2;1;-;-;-;-;-;1;-;-;-;-;-
;;Female;2;-;-;-;-;1;-;-;-;-;-;1;-
;Philippines;Total;1;-;-;-;-;-;-;-;1;-;-;-;-
;;Male;1;-;-;-;-;-;-;-;1;-;-;-;-
;;Female;-;-;-;-;-;-;-;-;-;-;-;-;-
;Thailand;Total;-;-;-;-;-;-;-;-;-;-;-;-;-
;;Male;-;-;-;-;-;-;-;-;-;-;-;-;-
;;Female;-;-;-;-;-;-;-;-;-;-;-;-;-
;U.S.A.;Total;1;-;-;-;-;-;-;-;-;-;-;-;1
;;Male;1;-;-;-;-;-;-;-;-;-;-;-;1
;;Female;-;-;-;-;-;-;-;-;-;-;-;-;-
;United Kingdom;Total;-;-;-;-;-;-;-;-;-;-;-;-;-
;;Male;-;-;-;-;-;-;-;-;-;-;-;-;-
;;Female;-;-;-;-;-;-;-;-;-;-;-;-;-
;Brazil;Total;-;-;-;-;-;-;-;-;-;-;-;-;-
;;Male;-;-;-;-;-;-;-;-;-;-;-;-;-
;;Female;-;-;-;-;-;-;-;-;-;-;-;-;-
;Peru;Total;-;-;-;-;-;-;-;-;-;-;-;-;-
;;Male;-;-;-;-;-;-;-;-;-;-;-;-;-
;;Female;-;-;-;-;-;-;-;-;-;-;-;-;-
;Other foreign countries;Total;24;4;2;2;1;1;3;1;2;1;3;1;3
;;Male;10;1;-;1;1;-;2;-;1;-;1;1;2
;;Female;14;3;2;1;-;1;1;1;1;1;2;-;1
37 Kagawa;Total;Total;86;7;9;5;3;5;6;11;5;8;7;9;11
;;Male;42;2;6;2;1;3;2;4;3;6;4;4;5
;;Female;44;5;3;3;2;2;4;7;2;2;3;5;6
;Korea;Total;-;-;-;-;-;-;-;-;-;-;-;-;-
;;Male;-;-;-;-;-;-;-;-;-;-;-;-;-
;;Female;-;-;-;-;-;-;-;-;-;-;-;-;-
;China;Total;12;1;-;1;1;-;1;3;2;1;1;-;1
;;Male;7;1;-;-;-;-;1;1;1;1;1;-;1
;;Female;5;-;-;1;1;-;-;2;1;-;-;-;-
;Philippines;Total;11;1;2;1;-;-;1;-;-;3;2;1;-
;;Male;5;-;1;1;-;-;-;-;-;2;1;-;-
;;Female;6;1;1;-;-;-;1;-;-;1;1;1;-
;Thailand;Total;-;-;-;-;-;-;-;-;-;-;-;-;-
;;Male;-;-;-;-;-;-;-;-;-;-;-;-;-
;;Female;-;-;-;-;-;-;-;-;-;-;-;-;-
;U.S.A.;Total;1;-;1;-;-;-;-;-;-;-;-;-;-
;;Male;-;-;-;-;-;-;-;-;-;-;-;-;-
;;Female;1;-;1;-;-;-;-;-;-;-;-;-;-
;United Kingdom;Total;-;-;-;-;-;-;-;-;-;-;-;-;-
;;Male;-;-;-;-;-;-;-;-;-;-;-;-;-
;;Female;-;-;-;-;-;-;-;-;-;-;-;-;-
;Brazil;Total;1;-;-;-;-;-;-;-;-;1;-;-;-
;;Male;1;-;-;-;-;-;-;-;-;1;-;-;-
;;Female;-;-;-;-;-;-;-;-;-;-;-;-;-
;Peru;Total;6;-;-;1;-;-;1;2;-;-;-;1;1
;;Male;-;-;-;-;-;-;-;-;-;-;-;-;-
;;Female;6;-;-;1;-;-;1;2;-;-;-;1;1
;Other foreign countries;Total;55;5;6;2;2;5;3;6;3;3;4;7;9
;;Male;29;1;5;1;1;3;1;3;2;2;2;4;4
;;Female;26;4;1;1;1;2;2;3;1;1;2;3;5
38 Ehime;Total;Total;58;3;4;3;4;3;9;1;7;6;4;10;4
;;Male;33;1;2;3;2;2;7;1;3;2;1;7;2
;;Female;25;2;2;-;2;1;2;-;4;4;3;3;2
;Korea;Total;1;-;-;-;1;-;-;-;-;-;-;-;-
;;Male;-;-;-;-;-;-;-;-;-;-;-;-;-
;;Female;1;-;-;-;1;-;-;-;-;-;-;-;-
;China;Total;3;-;1;-;-;1;-;-;-;-;-;1;-
;;Male;3;-;1;-;-;1;-;-;-;-;-;1;-
;;Female;-;-;-;-;-;-;-;-;-;-;-;-;-
;Philippines;Total;6;-;-;1;-;1;-;-;1;-;-;-;3
;;Male;3;-;-;1;-;-;-;-;-;-;-;-;2
;;Female;3;-;-;-;-;1;-;-;1;-;-;-;1
;Thailand;Total;1;-;-;-;-;-;-;-;-;-;-;1;-
;;Male;1;-;-;-;-;-;-;-;-;-;-;1;-
;;Female;-;-;-;-;-;-;-;-;-;-;-;-;-
;U.S.A.;Total;-;-;-;-;-;-;-;-;-;-;-;-;-
;;Male;-;-;-;-;-;-;-;-;-;-;-;-;-
;;Female;-;-;-;-;-;-;-;-;-;-;-;-;-
;United Kingdom;Total;-;-;-;-;-;-;-;-;-;-;-;-;-
;;Male;-;-;-;-;-;-;-;-;-;-;-;-;-
;;Female;-;-;-;-;-;-;-;-;-;-;-;-;-
;Brazil;Total;-;-;-;-;-;-;-;-;-;-;-;-;-
;;Male;-;-;-;-;-;-;-;-;-;-;-;-;-
;;Female;-;-;-;-;-;-;-;-;-;-;-;-;-
;Peru;Total;-;-;-;-;-;-;-;-;-;-;-;-;-
;;Male;-;-;-;-;-;-;-;-;-;-;-;-;-
;;Female;-;-;-;-;-;-;-;-;-;-;-;-;-
;Other foreign countries;Total;47;3;3;2;3;1;9;1;6;6;4;8;1
;;Male;26;1;1;2;2;1;7;1;3;2;1;5;-
;;Female;21;2;2;-;1;-;2;-;3;4;3;3;1
39 Kochi;Total;Total;7;-;-;-;-;-;1;1;1;1;2;-;1
;;Male;3;-;-;-;-;-;1;-;1;1;-;-;-
;;Female;4;-;-;-;-;-;-;1;-;-;2;-;1
;Korea;Total;-;-;-;-;-;-;-;-;-;-;-;-;-
;;Male;-;-;-;-;-;-;-;-;-;-;-;-;-
;;Female;-;-;-;-;-;-;-;-;-;-;-;-;-
;China;Total;1;-;-;-;-;-;-;-;-;1;-;-;-
;;Male;1;-;-;-;-;-;-;-;-;1;-;-;-
;;Female;-;-;-;-;-;-;-;-;-;-;-;-;-
;Philippines;Total;1;-;-;-;-;-;-;1;-;-;-;-;-
;;Male;-;-;-;-;-;-;-;-;-;-;-;-;-
;;Female;1;-;-;-;-;-;-;1;-;-;-;-;-
;Thailand;Total;-;-;-;-;-;-;-;-;-;-;-;-;-
;;Male;-;-;-;-;-;-;-;-;-;-;-;-;-
;;Female;-;-;-;-;-;-;-;-;-;-;-;-;-
;U.S.A.;Total;-;-;-;-;-;-;-;-;-;-;-;-;-
;;Male;-;-;-;-;-;-;-;-;-;-;-;-;-
;;Female;-;-;-;-;-;-;-;-;-;-;-;-;-
;United Kingdom;Total;-;-;-;-;-;-;-;-;-;-;-;-;-
;;Male;-;-;-;-;-;-;-;-;-;-;-;-;-
;;Female;-;-;-;-;-;-;-;-;-;-;-;-;-
;Brazil;Total;-;-;-;-;-;-;-;-;-;-;-;-;-
;;Male;-;-;-;-;-;-;-;-;-;-;-;-;-
;;Female;-;-;-;-;-;-;-;-;-;-;-;-;-
;Peru;Total;-;-;-;-;-;-;-;-;-;-;-;-;-
;;Male;-;-;-;-;-;-;-;-;-;-;-;-;-
;;Female;-;-;-;-;-;-;-;-;-;-;-;-;-
;Other foreign countries;Total;5;-;-;-;-;-;1;-;1;-;2;-;1
;;Male;2;-;-;-;-;-;1;-;1;-;-;-;-
;;Female;3;-;-;-;-;-;-;-;-;-;2;-;1
40 Fukuoka;Total;Total;659;42;48;47;48;44;60;66;45;68;78;56;57
;;Male;340;19;22;23;26;26;34;37;26;34;32;33;28
;;Female;319;23;26;24;22;18;26;29;19;34;46;23;29
;Korea;Total;18;3;1;3;1;-;3;-;-;1;3;2;1
;;Male;7;1;-;1;-;-;3;-;-;-;-;1;1
;;Female;11;2;1;2;1;-;-;-;-;1;3;1;-
;China;Total;128;8;8;7;12;7;12;13;10;11;11;16;13
;;Male;62;4;4;3;6;3;7;7;3;7;4;8;6
;;Female;66;4;4;4;6;4;5;6;7;4;7;8;7
;Philippines;Total;24;1;5;1;1;1;2;3;1;2;2;2;3
;;Male;15;1;3;1;1;1;2;-;1;-;1;2;2
;;Female;9;-;2;-;-;-;-;3;-;2;1;-;1
;Thailand;Total;1;1;-;-;-;-;-;-;-;-;-;-;-
;;Male;1;1;-;-;-;-;-;-;-;-;-;-;-
;;Female;-;-;-;-;-;-;-;-;-;-;-;-;-
;U.S.A.;Total;5;1;-;-;-;1;1;-;-;-;-;2;-
;;Male;2;-;-;-;-;1;-;-;-;-;-;1;-
;;Female;3;1;-;-;-;-;1;-;-;-;-;1;-
;United Kingdom;Total;-;-;-;-;-;-;-;-;-;-;-;-;-
;;Male;-;-;-;-;-;-;-;-;-;-;-;-;-
;;Female;-;-;-;-;-;-;-;-;-;-;-;-;-
;Brazil;Total;-;-;-;-;-;-;-;-;-;-;-;-;-
;;Male;-;-;-;-;-;-;-;-;-;-;-;-;-
;;Female;-;-;-;-;-;-;-;-;-;-;-;-;-
;Peru;Total;-;-;-;-;-;-;-;-;-;-;-;-;-
;;Male;-;-;-;-;-;-;-;-;-;-;-;-;-
;;Female;-;-;-;-;-;-;-;-;-;-;-;-;-
;Other foreign countries;Total;483;28;34;36;34;35;42;50;34;54;62;34;40
;;Male;253;12;15;18;19;21;22;30;22;27;27;21;19
;;Female;230;16;19;18;15;14;20;20;12;27;35;13;21
41 Saga;Total;Total;46;7;2;5;7;-;6;4;4;1;3;3;4
;;Male;20;2;1;3;4;-;1;2;2;-;-;2;3
;;Female;26;5;1;2;3;-;5;2;2;1;3;1;1
;Korea;Total;-;-;-;-;-;-;-;-;-;-;-;-;-
;;Male;-;-;-;-;-;-;-;-;-;-;-;-;-
;;Female;-;-;-;-;-;-;-;-;-;-;-;-;-
;China;Total;6;-;1;-;2;-;1;-;-;-;-;1;1
;;Male;2;-;-;-;1;-;-;-;-;-;-;1;-
;;Female;4;-;1;-;1;-;1;-;-;-;-;-;1
;Philippines;Total;-;-;-;-;-;-;-;-;-;-;-;-;-
;;Male;-;-;-;-;-;-;-;-;-;-;-;-;-
;;Female;-;-;-;-;-;-;-;-;-;-;-;-;-
;Thailand;Total;-;-;-;-;-;-;-;-;-;-;-;-;-
;;Male;-;-;-;-;-;-;-;-;-;-;-;-;-
;;Female;-;-;-;-;-;-;-;-;-;-;-;-;-
;U.S.A.;Total;-;-;-;-;-;-;-;-;-;-;-;-;-
;;Male;-;-;-;-;-;-;-;-;-;-;-;-;-
;;Female;-;-;-;-;-;-;-;-;-;-;-;-;-
;United Kingdom;Total;-;-;-;-;-;-;-;-;-;-;-;-;-
;;Male;-;-;-;-;-;-;-;-;-;-;-;-;-
;;Female;-;-;-;-;-;-;-;-;-;-;-;-;-
;Brazil;Total;2;-;-;-;1;-;1;-;-;-;-;-;-
;;Male;1;-;-;-;-;-;1;-;-;-;-;-;-
;;Female;1;-;-;-;1;-;-;-;-;-;-;-;-
;Peru;Total;-;-;-;-;-;-;-;-;-;-;-;-;-
;;Male;-;-;-;-;-;-;-;-;-;-;-;-;-
;;Female;-;-;-;-;-;-;-;-;-;-;-;-;-
;Other foreign countries;Total;38;7;1;5;4;-;4;4;4;1;3;2;3
;;Male;17;2;1;3;3;-;-;2;2;-;-;1;3
;;Female;21;5;-;2;1;-;4;2;2;1;3;1;-
42 Nagasaki;Total;Total;78;7;5;2;3;8;6;8;7;8;7;8;9
;;Male;36;1;3;2;2;5;3;2;3;4;4;2;5
;;Female;42;6;2;-;1;3;3;6;4;4;3;6;4
;Korea;Total;-;-;-;-;-;-;-;-;-;-;-;-;-
;;Male;-;-;-;-;-;-;-;-;-;-;-;-;-
;;Female;-;-;-;-;-;-;-;-;-;-;-;-;-
;China;Total;8;1;-;1;-;1;-;1;1;1;-;1;1
;;Male;2;1;-;1;-;-;-;-;-;-;-;-;-
;;Female;6;-;-;-;-;1;-;1;1;1;-;1;1
;Philippines;Total;8;1;-;1;-;-;2;-;1;-;1;1;1
;;Male;7;-;-;1;-;-;2;-;1;-;1;1;1
;;Female;1;1;-;-;-;-;-;-;-;-;-;-;-
;Thailand;Total;2;-;-;-;-;-;1;-;-;-;-;1;-
;;Male;-;-;-;-;-;-;-;-;-;-;-;-;-
;;Female;2;-;-;-;-;-;1;-;-;-;-;1;-
;U.S.A.;Total;23;3;-;-;-;4;2;4;3;3;1;1;2
;;Male;12;-;-;-;-;3;1;2;2;1;-;1;2
;;Female;11;3;-;-;-;1;1;2;1;2;1;-;-
;United Kingdom;Total;1;-;1;-;-;-;-;-;-;-;-;-;-
;;Male;1;-;1;-;-;-;-;-;-;-;-;-;-
;;Female;-;-;-;-;-;-;-;-;-;-;-;-;-
;Brazil;Total;-;-;-;-;-;-;-;-;-;-;-;-;-
;;Male;-;-;-;-;-;-;-;-;-;-;-;-;-
;;Female;-;-;-;-;-;-;-;-;-;-;-;-;-
;Peru;Total;-;-;-;-;-;-;-;-;-;-;-;-;-
;;Male;-;-;-;-;-;-;-;-;-;-;-;-;-
;;Female;-;-;-;-;-;-;-;-;-;-;-;-;-
;Other foreign countries;Total;36;2;4;-;3;3;1;3;2;4;5;4;5
;;Male;14;-;2;-;2;2;-;-;-;3;3;-;2
;;Female;22;2;2;-;1;1;1;3;2;1;2;4;3
43 Kumamoto;Total;Total;101;6;6;3;10;9;8;10;7;15;6;8;13
;;Male;57;4;2;2;6;3;5;4;6;10;2;3;10
;;Female;44;2;4;1;4;6;3;6;1;5;4;5;3
;Korea;Total;3;1;-;-;-;-;-;-;-;-;1;-;1
;;Male;2;1;-;-;-;-;-;-;-;-;1;-;-
;;Female;1;-;-;-;-;-;-;-;-;-;-;-;1
;China;Total;7;1;-;-;-;-;-;-;-;3;1;-;2
;;Male;4;1;-;-;-;-;-;-;-;2;-;-;1
;;Female;3;-;-;-;-;-;-;-;-;1;1;-;1
;Philippines;Total;7;1;-;-;-;-;1;1;-;-;-;2;2
;;Male;4;1;-;-;-;-;-;-;-;-;-;1;2
;;Female;3;-;-;-;-;-;1;1;-;-;-;1;-
;Thailand;Total;-;-;-;-;-;-;-;-;-;-;-;-;-
;;Male;-;-;-;-;-;-;-;-;-;-;-;-;-
;;Female;-;-;-;-;-;-;-;-;-;-;-;-;-
;U.S.A.;Total;1;-;-;-;-;-;-;-;-;-;-;-;1
;;Male;1;-;-;-;-;-;-;-;-;-;-;-;1
;;Female;-;-;-;-;-;-;-;-;-;-;-;-;-
;United Kingdom;Total;-;-;-;-;-;-;-;-;-;-;-;-;-
;;Male;-;-;-;-;-;-;-;-;-;-;-;-;-
;;Female;-;-;-;-;-;-;-;-;-;-;-;-;-
;Brazil;Total;1;-;-;-;-;-;1;-;-;-;-;-;-
;;Male;1;-;-;-;-;-;1;-;-;-;-;-;-
;;Female;-;-;-;-;-;-;-;-;-;-;-;-;-
;Peru;Total;-;-;-;-;-;-;-;-;-;-;-;-;-
;;Male;-;-;-;-;-;-;-;-;-;-;-;-;-
;;Female;-;-;-;-;-;-;-;-;-;-;-;-;-
;Other foreign countries;Total;82;3;6;3;10;9;6;9;7;12;4;6;7
;;Male;45;1;2;2;6;3;4;4;6;8;1;2;6
;;Female;37;2;4;1;4;6;2;5;1;4;3;4;1
44 Oita;Total;Total;79;9;11;4;4;9;2;5;7;6;6;8;8
;;Male;42;8;7;3;3;1;1;2;3;5;3;4;2
;;Female;37;1;4;1;1;8;1;3;4;1;3;4;6
;Korea;Total;1;-;1;-;-;-;-;-;-;-;-;-;-
;;Male;1;-;1;-;-;-;-;-;-;-;-;-;-
;;Female;-;-;-;-;-;-;-;-;-;-;-;-;-
;China;Total;7;1;3;-;-;-;-;1;-;-;-;1;1
;;Male;4;1;2;-;-;-;-;1;-;-;-;-;-
;;Female;3;-;1;-;-;-;-;-;-;-;-;1;1
;Philippines;Total;2;-;-;1;1;-;-;-;-;-;-;-;-
;;Male;1;-;-;-;1;-;-;-;-;-;-;-;-
;;Female;1;-;-;1;-;-;-;-;-;-;-;-;-
;Thailand;Total;-;-;-;-;-;-;-;-;-;-;-;-;-
;;Male;-;-;-;-;-;-;-;-;-;-;-;-;-
;;Female;-;-;-;-;-;-;-;-;-;-;-;-;-
;U.S.A.;Total;-;-;-;-;-;-;-;-;-;-;-;-;-
;;Male;-;-;-;-;-;-;-;-;-;-;-;-;-
;;Female;-;-;-;-;-;-;-;-;-;-;-;-;-
;United Kingdom;Total;-;-;-;-;-;-;-;-;-;-;-;-;-
;;Male;-;-;-;-;-;-;-;-;-;-;-;-;-
;;Female;-;-;-;-;-;-;-;-;-;-;-;-;-
;Brazil;Total;-;-;-;-;-;-;-;-;-;-;-;-;-
;;Male;-;-;-;-;-;-;-;-;-;-;-;-;-
;;Female;-;-;-;-;-;-;-;-;-;-;-;-;-
;Peru;Total;-;-;-;-;-;-;-;-;-;-;-;-;-
;;Male;-;-;-;-;-;-;-;-;-;-;-;-;-
;;Female;-;-;-;-;-;-;-;-;-;-;-;-;-
;Other foreign countries;Total;69;8;7;3;3;9;2;4;7;6;6;7;7
;;Male;36;7;4;3;2;1;1;1;3;5;3;4;2
;;Female;33;1;3;-;1;8;1;3;4;1;3;3;5
45 Miyazaki;Total;Total;34;1;5;1;2;2;2;2;-;6;2;2;9
;;Male;20;-;4;1;1;-;1;2;-;4;1;1;5
;;Female;14;1;1;-;1;2;1;-;-;2;1;1;4
;Korea;Total;1;-;-;-;-;-;-;-;-;-;-;-;1
;;Male;-;-;-;-;-;-;-;-;-;-;-;-;-
;;Female;1;-;-;-;-;-;-;-;-;-;-;-;1
;China;Total;-;-;-;-;-;-;-;-;-;-;-;-;-
;;Male;-;-;-;-;-;-;-;-;-;-;-;-;-
;;Female;-;-;-;-;-;-;-;-;-;-;-;-;-
;Philippines;Total;3;-;-;-;-;1;-;-;-;-;1;-;1
;;Male;1;-;-;-;-;-;-;-;-;-;-;-;1
;;Female;2;-;-;-;-;1;-;-;-;-;1;-;-
;Thailand;Total;-;-;-;-;-;-;-;-;-;-;-;-;-
;;Male;-;-;-;-;-;-;-;-;-;-;-;-;-
;;Female;-;-;-;-;-;-;-;-;-;-;-;-;-
;U.S.A.;Total;1;-;-;-;-;-;-;-;-;-;-;-;1
;;Male;1;-;-;-;-;-;-;-;-;-;-;-;1
;;Female;-;-;-;-;-;-;-;-;-;-;-;-;-
;United Kingdom;Total;-;-;-;-;-;-;-;-;-;-;-;-;-
;;Male;-;-;-;-;-;-;-;-;-;-;-;-;-
;;Female;-;-;-;-;-;-;-;-;-;-;-;-;-
;Brazil;Total;-;-;-;-;-;-;-;-;-;-;-;-;-
;;Male;-;-;-;-;-;-;-;-;-;-;-;-;-
;;Female;-;-;-;-;-;-;-;-;-;-;-;-;-
;Peru;Total;-;-;-;-;-;-;-;-;-;-;-;-;-
;;Male;-;-;-;-;-;-;-;-;-;-;-;-;-
;;Female;-;-;-;-;-;-;-;-;-;-;-;-;-
;Other foreign countries;Total;29;1;5;1;2;1;2;2;-;6;1;2;6
;;Male;18;-;4;1;1;-;1;2;-;4;1;1;3
;;Female;11;1;1;-;1;1;1;-;-;2;-;1;3
46 Kagoshima;Total;Total;37;4;4;3;1;-;3;4;4;4;3;3;4
;;Male;21;-;2;3;1;-;1;4;4;3;1;1;1
;;Female;16;4;2;-;-;-;2;-;-;1;2;2;3
;Korea;Total;-;-;-;-;-;-;-;-;-;-;-;-;-
;;Male;-;-;-;-;-;-;-;-;-;-;-;-;-
;;Female;-;-;-;-;-;-;-;-;-;-;-;-;-
;China;Total;2;-;-;-;-;-;-;-;1;-;1;-;-
;;Male;1;-;-;-;-;-;-;-;1;-;-;-;-
;;Female;1;-;-;-;-;-;-;-;-;-;1;-;-
;Philippines;Total;3;-;1;-;-;-;-;1;-;-;1;-;-
;;Male;2;-;-;-;-;-;-;1;-;-;1;-;-
;;Female;1;-;1;-;-;-;-;-;-;-;-;-;-
;Thailand;Total;-;-;-;-;-;-;-;-;-;-;-;-;-
;;Male;-;-;-;-;-;-;-;-;-;-;-;-;-
;;Female;-;-;-;-;-;-;-;-;-;-;-;-;-
;U.S.A.;Total;-;-;-;-;-;-;-;-;-;-;-;-;-
;;Male;-;-;-;-;-;-;-;-;-;-;-;-;-
;;Female;-;-;-;-;-;-;-;-;-;-;-;-;-
;United Kingdom;Total;-;-;-;-;-;-;-;-;-;-;-;-;-
;;Male;-;-;-;-;-;-;-;-;-;-;-;-;-
;;Female;-;-;-;-;-;-;-;-;-;-;-;-;-
;Brazil;Total;-;-;-;-;-;-;-;-;-;-;-;-;-
;;Male;-;-;-;-;-;-;-;-;-;-;-;-;-
;;Female;-;-;-;-;-;-;-;-;-;-;-;-;-
;Peru;Total;-;-;-;-;-;-;-;-;-;-;-;-;-
;;Male;-;-;-;-;-;-;-;-;-;-;-;-;-
;;Female;-;-;-;-;-;-;-;-;-;-;-;-;-
;Other foreign countries;Total;32;4;3;3;1;-;3;3;3;4;1;3;4
;;Male;18;-;2;3;1;-;1;3;3;3;-;1;1
;;Female;14;4;1;-;-;-;2;-;-;1;1;2;3
47 Okinawa;Total;Total;201;18;22;17;15;18;11;18;14;13;21;17;17
;;Male;114;9;15;11;7;8;6;12;7;12;11;7;9
;;Female;87;9;7;6;8;10;5;6;7;1;10;10;8
;Korea;Total;2;1;-;-;-;-;-;1;-;-;-;-;-
;;Male;2;1;-;-;-;-;-;1;-;-;-;-;-
;;Female;-;-;-;-;-;-;-;-;-;-;-;-;-
;China;Total;12;-;-;4;-;1;2;-;-;-;1;2;2
;;Male;4;-;-;2;-;1;1;-;-;-;-;-;-
;;Female;8;-;-;2;-;-;1;-;-;-;1;2;2
;Philippines;Total;19;2;2;4;-;2;1;-;1;1;4;-;2
;;Male;8;1;-;2;-;1;-;-;-;1;1;-;2
;;Female;11;1;2;2;-;1;1;-;1;-;3;-;-
;Thailand;Total;1;-;-;-;-;-;1;-;-;-;-;-;-
;;Male;1;-;-;-;-;-;1;-;-;-;-;-;-
;;Female;-;-;-;-;-;-;-;-;-;-;-;-;-
;U.S.A.;Total;41;6;6;2;5;1;1;4;3;3;6;2;2
;;Male;29;3;5;2;2;1;1;3;2;2;4;2;2
;;Female;12;3;1;-;3;-;-;1;1;1;2;-;-
;United Kingdom;Total;2;1;-;-;-;-;-;-;-;-;1;-;-
;;Male;2;1;-;-;-;-;-;-;-;-;1;-;-
;;Female;-;-;-;-;-;-;-;-;-;-;-;-;-
;Brazil;Total;6;2;1;-;-;1;-;-;-;1;-;-;1
;;Male;4;1;1;-;-;1;-;-;-;1;-;-;-
;;Female;2;1;-;-;-;-;-;-;-;-;-;-;1
;Peru;Total;2;-;-;-;-;-;-;1;-;-;-;1;-
;;Male;2;-;-;-;-;-;-;1;-;-;-;1;-
;;Female;-;-;-;-;-;-;-;-;-;-;-;-;-
;Other foreign countries;Total;116;6;13;7;10;13;6;12;10;8;9;12;10
;;Male;62;2;9;5;5;4;3;7;5;8;5;4;5
;;Female;54;4;4;2;5;9;3;5;5;-;4;8;5
Foreign countries;Total;Total;12;-;-;2;2;1;3;1;-;2;1;-;-
;;Male;7;-;-;-;1;1;2;1;-;2;-;-;-
;;Female;5;-;-;2;1;-;1;-;-;-;1;-;-
;Korea;Total;-;-;-;-;-;-;-;-;-;-;-;-;-
;;Male;-;-;-;-;-;-;-;-;-;-;-;-;-
;;Female;-;-;-;-;-;-;-;-;-;-;-;-;-
;China;Total;2;-;-;-;-;-;-;1;-;1;-;-;-
;;Male;2;-;-;-;-;-;-;1;-;1;-;-;-
;;Female;-;-;-;-;-;-;-;-;-;-;-;-;-
;Philippines;Total;-;-;-;-;-;-;-;-;-;-;-;-;-
;;Male;-;-;-;-;-;-;-;-;-;-;-;-;-
;;Female;-;-;-;-;-;-;-;-;-;-;-;-;-
;Thailand;Total;-;-;-;-;-;-;-;-;-;-;-;-;-
;;Male;-;-;-;-;-;-;-;-;-;-;-;-;-
;;Female;-;-;-;-;-;-;-;-;-;-;-;-;-
;U.S.A.;Total;4;-;-;2;-;-;2;-;-;-;-;-;-
;;Male;1;-;-;-;-;-;1;-;-;-;-;-;-
;;Female;3;-;-;2;-;-;1;-;-;-;-;-;-
;United Kingdom;Total;-;-;-;-;-;-;-;-;-;-;-;-;-
;;Male;-;-;-;-;-;-;-;-;-;-;-;-;-
;;Female;-;-;-;-;-;-;-;-;-;-;-;-;-
;Brazil;Total;-;-;-;-;-;-;-;-;-;-;-;-;-
;;Male;-;-;-;-;-;-;-;-;-;-;-;-;-
;;Female;-;-;-;-;-;-;-;-;-;-;-;-;-
;Peru;Total;-;-;-;-;-;-;-;-;-;-;-;-;-
;;Male;-;-;-;-;-;-;-;-;-;-;-;-;-
;;Female;-;-;-;-;-;-;-;-;-;-;-;-;-
;Other foreign countries;Total;6;-;-;-;2;1;1;-;-;1;1;-;-
;;Male;4;-;-;-;1;1;1;-;-;1;-;-;-
;;Female;2;-;-;-;1;-;-;-;-;-;1;-;-
50 Area of wards in Tokyo-to;Total;Total;3439;241;275;287;292;253;262;292;325;287;304;285;336
;;Male;1819;126;144;150;165;125;149;145;165;159;168;144;179
;;Female;1620;115;131;137;127;128;113;147;160;128;136;141;157
;Korea;Total;125;9;16;10;15;5;7;10;9;7;6;15;16
;;Male;65;5;10;7;8;2;4;6;2;2;4;7;8
;;Female;60;4;6;3;7;3;3;4;7;5;2;8;8
;China;Total;1186;77;82;104;101;93;92;89;111;104;113;95;125
;;Male;632;45;46;51;58;41;54;41;60;66;60;48;62
;;Female;554;32;36;53;43;52;38;48;51;38;53;47;63
;Philippines;Total;102;5;6;11;12;9;5;10;9;6;5;11;13
;;Male;60;3;4;8;7;7;4;6;4;4;3;4;6
;;Female;42;2;2;3;5;2;1;4;5;2;2;7;7
;Thailand;Total;8;-;1;3;1;-;-;1;-;-;1;1;-
;;Male;4;-;1;-;1;-;-;1;-;-;1;-;-
;;Female;4;-;-;3;-;-;-;-;-;-;-;1;-
;U.S.A.;Total;61;4;7;3;10;2;5;10;4;3;6;2;5
;;Male;29;1;4;1;8;-;2;3;2;2;1;1;4
;;Female;32;3;3;2;2;2;3;7;2;1;5;1;1
;United Kingdom;Total;16;-;1;-;2;2;-;-;4;3;1;2;1
;;Male;9;-;1;-;2;1;-;-;-;2;1;1;1
;;Female;7;-;-;-;-;1;-;-;4;1;-;1;-
;Brazil;Total;16;1;1;2;2;1;2;2;2;-;2;1;-
;;Male;10;1;1;2;2;1;1;1;1;-;-;-;-
;;Female;6;-;-;-;-;-;1;1;1;-;2;1;-
;Peru;Total;2;-;-;-;1;-;-;-;-;1;-;-;-
;;Male;1;-;-;-;1;-;-;-;-;-;-;-;-
;;Female;1;-;-;-;-;-;-;-;-;1;-;-;-
;Other foreign countries;Total;1923;145;161;154;148;141;151;170;186;163;170;158;176
;;Male;1009;71;77;81;78;73;84;87;96;83;98;83;98
;;Female;914;74;84;73;70;68;67;83;90;80;72;75;78
51 Sapporo city;Total;Total;92;5;10;12;6;8;8;8;6;9;6;10;4
;;Male;54;5;6;11;2;5;4;4;3;3;4;6;1
;;Female;38;-;4;1;4;3;4;4;3;6;2;4;3
;Korea;Total;2;-;-;1;-;-;-;-;1;-;-;-;-
;;Male;2;-;-;1;-;-;-;-;1;-;-;-;-
;;Female;-;-;-;-;-;-;-;-;-;-;-;-;-
;China;Total;29;1;1;4;3;3;1;2;3;3;5;2;1
;;Male;14;1;-;4;2;1;1;-;-;1;3;1;-
;;Female;15;-;1;-;1;2;-;2;3;2;2;1;1
;Philippines;Total;2;-;-;-;-;1;-;-;-;1;-;-;-
;;Male;1;-;-;-;-;-;-;-;-;1;-;-;-
;;Female;1;-;-;-;-;1;-;-;-;-;-;-;-
;Thailand;Total;-;-;-;-;-;-;-;-;-;-;-;-;-
;;Male;-;-;-;-;-;-;-;-;-;-;-;-;-
;;Female;-;-;-;-;-;-;-;-;-;-;-;-;-
;U.S.A.;Total;4;1;1;-;-;-;-;-;-;-;1;-;1
;;Male;3;1;-;-;-;-;-;-;-;-;1;-;1
;;Female;1;-;1;-;-;-;-;-;-;-;-;-;-
;United Kingdom;Total;-;-;-;-;-;-;-;-;-;-;-;-;-
;;Male;-;-;-;-;-;-;-;-;-;-;-;-;-
;;Female;-;-;-;-;-;-;-;-;-;-;-;-;-
;Brazil;Total;-;-;-;-;-;-;-;-;-;-;-;-;-
;;Male;-;-;-;-;-;-;-;-;-;-;-;-;-
;;Female;-;-;-;-;-;-;-;-;-;-;-;-;-
;Peru;Total;-;-;-;-;-;-;-;-;-;-;-;-;-
;;Male;-;-;-;-;-;-;-;-;-;-;-;-;-
;;Female;-;-;-;-;-;-;-;-;-;-;-;-;-
;Other foreign countries;Total;55;3;8;7;3;4;7;6;2;5;-;8;2
;;Male;34;3;6;6;-;4;3;4;2;1;-;5;-
;;Female;21;-;2;1;3;-;4;2;-;4;-;3;2
52 Sendai city;Total;Total;105;4;6;7;9;10;7;9;15;13;11;3;11
;;Male;59;1;4;5;5;6;4;5;8;6;5;3;7
;;Female;46;3;2;2;4;4;3;4;7;7;6;-;4
;Korea;Total;2;-;-;-;-;1;-;-;-;-;-;-;1
;;Male;2;-;-;-;-;1;-;-;-;-;-;-;1
;;Female;-;-;-;-;-;-;-;-;-;-;-;-;-
;China;Total;14;1;1;1;1;1;-;1;-;3;3;-;2
;;Male;7;-;-;-;1;1;-;1;-;1;1;-;2
;;Female;7;1;1;1;-;-;-;-;-;2;2;-;-
;Philippines;Total;1;-;-;-;-;1;-;-;-;-;-;-;-
;;Male;1;-;-;-;-;1;-;-;-;-;-;-;-
;;Female;-;-;-;-;-;-;-;-;-;-;-;-;-
;Thailand;Total;-;-;-;-;-;-;-;-;-;-;-;-;-
;;Male;-;-;-;-;-;-;-;-;-;-;-;-;-
;;Female;-;-;-;-;-;-;-;-;-;-;-;-;-
;U.S.A.;Total;2;-;-;-;-;-;-;-;-;-;1;-;1
;;Male;1;-;-;-;-;-;-;-;-;-;-;-;1
;;Female;1;-;-;-;-;-;-;-;-;-;1;-;-
;United Kingdom;Total;-;-;-;-;-;-;-;-;-;-;-;-;-
;;Male;-;-;-;-;-;-;-;-;-;-;-;-;-
;;Female;-;-;-;-;-;-;-;-;-;-;-;-;-
;Brazil;Total;1;-;-;-;-;-;-;-;1;-;-;-;-
;;Male;1;-;-;-;-;-;-;-;1;-;-;-;-
;;Female;-;-;-;-;-;-;-;-;-;-;-;-;-
;Peru;Total;-;-;-;-;-;-;-;-;-;-;-;-;-
;;Male;-;-;-;-;-;-;-;-;-;-;-;-;-
;;Female;-;-;-;-;-;-;-;-;-;-;-;-;-
;Other foreign countries;Total;85;3;5;6;8;7;7;8;14;10;7;3;7
;;Male;47;1;4;5;4;3;4;4;7;5;4;3;3
;;Female;38;2;1;1;4;4;3;4;7;5;3;-;4
53 Saitama city;Total;Total;272;18;21;15;20;27;19;27;23;28;15;31;28
;;Male;136;8;10;10;12;6;11;14;12;12;10;17;14
;;Female;136;10;11;5;8;21;8;13;11;16;5;14;14
;Korea;Total;7;-;1;-;1;2;-;1;-;1;1;-;-
;;Male;2;-;-;-;1;-;-;-;-;-;1;-;-
;;Female;5;-;1;-;-;2;-;1;-;1;-;-;-
;China;Total;79;4;6;5;9;6;10;8;6;7;3;11;4
;;Male;40;1;4;2;5;-;6;4;4;6;2;6;-
;;Female;39;3;2;3;4;6;4;4;2;1;1;5;4
;Philippines;Total;12;2;-;-;-;3;-;1;1;2;-;1;2
;;Male;5;1;-;-;-;1;-;-;-;1;-;1;1
;;Female;7;1;-;-;-;2;-;1;1;1;-;-;1
;Thailand;Total;1;-;-;-;-;1;-;-;-;-;-;-;-
;;Male;1;-;-;-;-;1;-;-;-;-;-;-;-
;;Female;-;-;-;-;-;-;-;-;-;-;-;-;-
;U.S.A.;Total;3;-;-;2;-;-;-;-;1;-;-;-;-
;;Male;3;-;-;2;-;-;-;-;1;-;-;-;-
;;Female;-;-;-;-;-;-;-;-;-;-;-;-;-
;United Kingdom;Total;-;-;-;-;-;-;-;-;-;-;-;-;-
;;Male;-;-;-;-;-;-;-;-;-;-;-;-;-
;;Female;-;-;-;-;-;-;-;-;-;-;-;-;-
;Brazil;Total;2;-;-;-;-;1;-;-;-;-;-;-;1
;;Male;1;-;-;-;-;-;-;-;-;-;-;-;1
;;Female;1;-;-;-;-;1;-;-;-;-;-;-;-
;Peru;Total;1;-;-;1;-;-;-;-;-;-;-;-;-
;;Male;1;-;-;1;-;-;-;-;-;-;-;-;-
;;Female;-;-;-;-;-;-;-;-;-;-;-;-;-
;Other foreign countries;Total;167;12;14;7;10;14;9;17;15;18;11;19;21
;;Male;83;6;6;5;6;4;5;10;7;5;7;10;12
;;Female;84;6;8;2;4;10;4;7;8;13;4;9;9
54 Chiba city;Total;Total;281;18;13;25;24;19;18;33;25;32;29;22;23
;;Male;139;9;6;14;7;10;10;16;11;18;13;9;16
;;Female;142;9;7;11;17;9;8;17;14;14;16;13;7
;Korea;Total;-;-;-;-;-;-;-;-;-;-;-;-;-
;;Male;-;-;-;-;-;-;-;-;-;-;-;-;-
;;Female;-;-;-;-;-;-;-;-;-;-;-;-;-
;China;Total;75;2;5;5;8;5;8;7;7;8;6;6;8
;;Male;42;-;4;1;3;3;5;3;6;5;2;4;6
;;Female;33;2;1;4;5;2;3;4;1;3;4;2;2
;Philippines;Total;15;1;1;1;1;-;2;3;-;-;2;3;1
;;Male;5;-;-;1;-;-;1;1;-;-;1;-;1
;;Female;10;1;1;-;1;-;1;2;-;-;1;3;-
;Thailand;Total;-;-;-;-;-;-;-;-;-;-;-;-;-
;;Male;-;-;-;-;-;-;-;-;-;-;-;-;-
;;Female;-;-;-;-;-;-;-;-;-;-;-;-;-
;U.S.A.;Total;2;1;-;-;-;-;-;-;-;-;-;-;1
;;Male;1;-;-;-;-;-;-;-;-;-;-;-;1
;;Female;1;1;-;-;-;-;-;-;-;-;-;-;-
;United Kingdom;Total;-;-;-;-;-;-;-;-;-;-;-;-;-
;;Male;-;-;-;-;-;-;-;-;-;-;-;-;-
;;Female;-;-;-;-;-;-;-;-;-;-;-;-;-
;Brazil;Total;2;-;-;-;1;-;-;-;-;-;-;1;-
;;Male;-;-;-;-;-;-;-;-;-;-;-;-;-
;;Female;2;-;-;-;1;-;-;-;-;-;-;1;-
;Peru;Total;5;1;1;-;-;1;-;-;-;-;-;1;1
;;Male;3;1;-;-;-;1;-;-;-;-;-;-;1
;;Female;2;-;1;-;-;-;-;-;-;-;-;1;-
;Other foreign countries;Total;182;13;6;19;14;13;8;23;18;24;21;11;12
;;Male;88;8;2;12;4;6;4;12;5;13;10;5;7
;;Female;94;5;4;7;10;7;4;11;13;11;11;6;5
55 Yokohama city;Total;Total;796;79;56;71;44;57;57;66;66;84;82;67;67
;;Male;397;38;28;36;23;24;28;33;36;44;36;36;35
;;Female;399;41;28;35;21;33;29;33;30;40;46;31;32
;Korea;Total;15;4;1;1;3;1;1;3;-;-;-;-;1
;;Male;7;3;1;-;-;-;-;2;-;-;-;-;1
;;Female;8;1;-;1;3;1;1;1;-;-;-;-;-
;China;Total;229;20;17;20;14;14;14;17;21;32;27;13;20
;;Male;126;11;11;15;8;6;7;8;12;18;15;5;10
;;Female;103;9;6;5;6;8;7;9;9;14;12;8;10
;Philippines;Total;52;10;6;5;3;2;3;6;2;6;4;2;3
;;Male;18;4;2;2;2;1;-;2;-;1;2;1;1
;;Female;34;6;4;3;1;1;3;4;2;5;2;1;2
;Thailand;Total;4;-;-;-;-;-;1;-;-;1;-;1;1
;;Male;-;-;-;-;-;-;-;-;-;-;-;-;-
;;Female;4;-;-;-;-;-;1;-;-;1;-;1;1
;U.S.A.;Total;10;-;-;-;2;3;-;-;2;2;-;-;1
;;Male;4;-;-;-;2;-;-;-;1;1;-;-;-
;;Female;6;-;-;-;-;3;-;-;1;1;-;-;1
;United Kingdom;Total;-;-;-;-;-;-;-;-;-;-;-;-;-
;;Male;-;-;-;-;-;-;-;-;-;-;-;-;-
;;Female;-;-;-;-;-;-;-;-;-;-;-;-;-
;Brazil;Total;10;3;-;-;2;1;-;2;-;2;-;-;-
;;Male;7;3;-;-;2;-;-;2;-;-;-;-;-
;;Female;3;-;-;-;-;1;-;-;-;2;-;-;-
;Peru;Total;5;-;-;-;1;-;1;1;1;1;-;-;-
;;Male;4;-;-;-;1;-;-;1;1;1;-;-;-
;;Female;1;-;-;-;-;-;1;-;-;-;-;-;-
;Other foreign countries;Total;471;42;32;45;19;36;37;37;40;40;51;51;41
;;Male;231;17;14;19;8;17;21;18;22;23;19;30;23
;;Female;240;25;18;26;11;19;16;19;18;17;32;21;18
56 Kawasaki city;Total;Total;404;36;26;30;20;29;28;41;38;38;40;41;37
;;Male;202;10;11;18;12;19;17;15;17;19;24;22;18
;;Female;202;26;15;12;8;10;11;26;21;19;16;19;19
;Korea;Total;14;-;3;1;-;1;1;1;1;-;2;3;1
;;Male;6;-;-;1;-;1;1;-;1;-;1;1;-
;;Female;8;-;3;-;-;-;-;1;-;-;1;2;1
;China;Total;107;9;8;5;4;6;5;17;13;10;6;13;11
;;Male;56;2;5;3;4;6;3;6;4;6;5;7;5
;;Female;51;7;3;2;-;-;2;11;9;4;1;6;6
;Philippines;Total;42;5;5;3;3;4;1;3;3;3;4;3;5
;;Male;23;3;3;1;2;3;1;1;2;1;2;1;3
;;Female;19;2;2;2;1;1;-;2;1;2;2;2;2
;Thailand;Total;2;-;-;-;-;-;-;-;-;1;-;1;-
;;Male;1;-;-;-;-;-;-;-;-;-;-;1;-
;;Female;1;-;-;-;-;-;-;-;-;1;-;-;-
;U.S.A.;Total;4;-;-;1;-;1;-;1;-;-;-;1;-
;;Male;3;-;-;1;-;-;-;1;-;-;-;1;-
;;Female;1;-;-;-;-;1;-;-;-;-;-;-;-
;United Kingdom;Total;-;-;-;-;-;-;-;-;-;-;-;-;-
;;Male;-;-;-;-;-;-;-;-;-;-;-;-;-
;;Female;-;-;-;-;-;-;-;-;-;-;-;-;-
;Brazil;Total;2;-;-;-;-;-;-;-;1;-;-;1;-
;;Male;2;-;-;-;-;-;-;-;1;-;-;1;-
;;Female;-;-;-;-;-;-;-;-;-;-;-;-;-
;Peru;Total;1;-;-;-;-;-;-;-;-;-;1;-;-
;;Male;-;-;-;-;-;-;-;-;-;-;-;-;-
;;Female;1;-;-;-;-;-;-;-;-;-;1;-;-
;Other foreign countries;Total;232;22;10;20;13;17;21;19;20;24;27;19;20
;;Male;111;5;3;12;6;9;12;7;9;12;16;10;10
;;Female;121;17;7;8;7;8;9;12;11;12;11;9;10
57 Sagamihara city;Total;Total;157;16;13;17;11;12;16;7;11;14;13;11;16
;;Male;84;9;6;12;5;7;8;2;6;7;7;6;9
;;Female;73;7;7;5;6;5;8;5;5;7;6;5;7
;Korea;Total;-;-;-;-;-;-;-;-;-;-;-;-;-
;;Male;-;-;-;-;-;-;-;-;-;-;-;-;-
;;Female;-;-;-;-;-;-;-;-;-;-;-;-;-
;China;Total;27;3;3;4;2;-;-;-;5;3;2;5;-
;;Male;16;1;1;4;1;-;-;-;2;3;1;3;-
;;Female;11;2;2;-;1;-;-;-;3;-;1;2;-
;Philippines;Total;14;1;1;-;3;2;2;-;2;-;-;1;2
;;Male;6;1;-;-;2;1;-;-;1;-;-;-;1
;;Female;8;-;1;-;1;1;2;-;1;-;-;1;1
;Thailand;Total;-;-;-;-;-;-;-;-;-;-;-;-;-
;;Male;-;-;-;-;-;-;-;-;-;-;-;-;-
;;Female;-;-;-;-;-;-;-;-;-;-;-;-;-
;U.S.A.;Total;1;-;-;-;-;-;-;-;-;-;1;-;-
;;Male;-;-;-;-;-;-;-;-;-;-;-;-;-
;;Female;1;-;-;-;-;-;-;-;-;-;1;-;-
;United Kingdom;Total;-;-;-;-;-;-;-;-;-;-;-;-;-
;;Male;-;-;-;-;-;-;-;-;-;-;-;-;-
;;Female;-;-;-;-;-;-;-;-;-;-;-;-;-
;Brazil;Total;1;-;-;-;-;-;-;-;-;-;-;-;1
;;Male;1;-;-;-;-;-;-;-;-;-;-;-;1
;;Female;-;-;-;-;-;-;-;-;-;-;-;-;-
;Peru;Total;-;-;-;-;-;-;-;-;-;-;-;-;-
;;Male;-;-;-;-;-;-;-;-;-;-;-;-;-
;;Female;-;-;-;-;-;-;-;-;-;-;-;-;-
;Other foreign countries;Total;114;12;9;13;6;10;14;7;4;11;10;5;13
;;Male;61;7;5;8;2;6;8;2;3;4;6;3;7
;;Female;53;5;4;5;4;4;6;5;1;7;4;2;6
58 Niigata city;Total;Total;23;4;1;1;3;1;2;-;3;3;1;4;-
;;Male;11;2;-;1;2;1;1;-;-;2;1;1;-
;;Female;12;2;1;-;1;-;1;-;3;1;-;3;-
;Korea;Total;-;-;-;-;-;-;-;-;-;-;-;-;-
;;Male;-;-;-;-;-;-;-;-;-;-;-;-;-
;;Female;-;-;-;-;-;-;-;-;-;-;-;-;-
;China;Total;1;-;-;-;-;1;-;-;-;-;-;-;-
;;Male;1;-;-;-;-;1;-;-;-;-;-;-;-
;;Female;-;-;-;-;-;-;-;-;-;-;-;-;-
;Philippines;Total;-;-;-;-;-;-;-;-;-;-;-;-;-
;;Male;-;-;-;-;-;-;-;-;-;-;-;-;-
;;Female;-;-;-;-;-;-;-;-;-;-;-;-;-
;Thailand;Total;-;-;-;-;-;-;-;-;-;-;-;-;-
;;Male;-;-;-;-;-;-;-;-;-;-;-;-;-
;;Female;-;-;-;-;-;-;-;-;-;-;-;-;-
;U.S.A.;Total;-;-;-;-;-;-;-;-;-;-;-;-;-
;;Male;-;-;-;-;-;-;-;-;-;-;-;-;-
;;Female;-;-;-;-;-;-;-;-;-;-;-;-;-
;United Kingdom;Total;-;-;-;-;-;-;-;-;-;-;-;-;-
;;Male;-;-;-;-;-;-;-;-;-;-;-;-;-
;;Female;-;-;-;-;-;-;-;-;-;-;-;-;-
;Brazil;Total;1;1;-;-;-;-;-;-;-;-;-;-;-
;;Male;-;-;-;-;-;-;-;-;-;-;-;-;-
;;Female;1;1;-;-;-;-;-;-;-;-;-;-;-
;Peru;Total;-;-;-;-;-;-;-;-;-;-;-;-;-
;;Male;-;-;-;-;-;-;-;-;-;-;-;-;-
;;Female;-;-;-;-;-;-;-;-;-;-;-;-;-
;Other foreign countries;Total;21;3;1;1;3;-;2;-;3;3;1;4;-
;;Male;10;2;-;1;2;-;1;-;-;2;1;1;-
;;Female;11;1;1;-;1;-;1;-;3;1;-;3;-
59 Shizuoka city;Total;Total;78;7;4;7;7;7;7;6;7;5;7;8;6
;;Male;41;5;3;1;1;5;2;3;4;2;5;6;4
;;Female;37;2;1;6;6;2;5;3;3;3;2;2;2
;Korea;Total;1;-;1;-;-;-;-;-;-;-;-;-;-
;;Male;1;-;1;-;-;-;-;-;-;-;-;-;-
;;Female;-;-;-;-;-;-;-;-;-;-;-;-;-
;China;Total;6;-;1;1;-;-;1;-;2;-;-;1;-
;;Male;4;-;1;-;-;-;-;-;2;-;-;1;-
;;Female;2;-;-;1;-;-;1;-;-;-;-;-;-
;Philippines;Total;3;-;-;-;1;-;-;-;-;1;-;-;1
;;Male;-;-;-;-;-;-;-;-;-;-;-;-;-
;;Female;3;-;-;-;1;-;-;-;-;1;-;-;1
;Thailand;Total;-;-;-;-;-;-;-;-;-;-;-;-;-
;;Male;-;-;-;-;-;-;-;-;-;-;-;-;-
;;Female;-;-;-;-;-;-;-;-;-;-;-;-;-
;U.S.A.;Total;-;-;-;-;-;-;-;-;-;-;-;-;-
;;Male;-;-;-;-;-;-;-;-;-;-;-;-;-
;;Female;-;-;-;-;-;-;-;-;-;-;-;-;-
;United Kingdom;Total;-;-;-;-;-;-;-;-;-;-;-;-;-
;;Male;-;-;-;-;-;-;-;-;-;-;-;-;-
;;Female;-;-;-;-;-;-;-;-;-;-;-;-;-
;Brazil;Total;3;1;-;-;1;-;1;-;-;-;-;-;-
;;Male;2;1;-;-;1;-;-;-;-;-;-;-;-
;;Female;1;-;-;-;-;-;1;-;-;-;-;-;-
;Peru;Total;-;-;-;-;-;-;-;-;-;-;-;-;-
;;Male;-;-;-;-;-;-;-;-;-;-;-;-;-
;;Female;-;-;-;-;-;-;-;-;-;-;-;-;-
;Other foreign countries;Total;65;6;2;6;5;7;5;6;5;4;7;7;5
;;Male;34;4;1;1;-;5;2;3;2;2;5;5;4
;;Female;31;2;1;5;5;2;3;3;3;2;2;2;1
60 Hamamatsu city;Total;Total;216;20;15;13;14;16;21;24;22;20;19;11;21
;;Male;105;12;7;4;8;6;7;10;11;10;13;4;13
;;Female;111;8;8;9;6;10;14;14;11;10;6;7;8
;Korea;Total;-;-;-;-;-;-;-;-;-;-;-;-;-
;;Male;-;-;-;-;-;-;-;-;-;-;-;-;-
;;Female;-;-;-;-;-;-;-;-;-;-;-;-;-
;China;Total;8;-;3;-;1;1;2;-;-;-;1;-;-
;;Male;7;-;2;-;1;1;2;-;-;-;1;-;-
;;Female;1;-;1;-;-;-;-;-;-;-;-;-;-
;Philippines;Total;40;8;5;1;2;3;2;8;4;1;3;-;3
;;Male;17;4;1;-;2;2;-;1;3;-;2;-;2
;;Female;23;4;4;1;-;1;2;7;1;1;1;-;1
;Thailand;Total;-;-;-;-;-;-;-;-;-;-;-;-;-
;;Male;-;-;-;-;-;-;-;-;-;-;-;-;-
;;Female;-;-;-;-;-;-;-;-;-;-;-;-;-
;U.S.A.;Total;-;-;-;-;-;-;-;-;-;-;-;-;-
;;Male;-;-;-;-;-;-;-;-;-;-;-;-;-
;;Female;-;-;-;-;-;-;-;-;-;-;-;-;-
;United Kingdom;Total;-;-;-;-;-;-;-;-;-;-;-;-;-
;;Male;-;-;-;-;-;-;-;-;-;-;-;-;-
;;Female;-;-;-;-;-;-;-;-;-;-;-;-;-
;Brazil;Total;60;5;4;3;4;3;7;6;4;8;5;4;7
;;Male;28;3;3;-;2;1;3;2;1;5;3;2;3
;;Female;32;2;1;3;2;2;4;4;3;3;2;2;4
;Peru;Total;12;1;-;2;-;2;3;-;2;1;-;-;1
;;Male;4;-;-;1;-;-;1;-;-;1;-;-;1
;;Female;8;1;-;1;-;2;2;-;2;-;-;-;-
;Other foreign countries;Total;96;6;3;7;7;7;7;10;12;10;10;7;10
;;Male;49;5;1;3;3;2;1;7;7;4;7;2;7
;;Female;47;1;2;4;4;5;6;3;5;6;3;5;3
61 Nagoya city;Total;Total;788;54;66;62;66;62;54;70;81;81;63;65;64
;;Male;387;28;29;30;24;34;26;34;41;48;34;30;29
;;Female;401;26;37;32;42;28;28;36;40;33;29;35;35
;Korea;Total;20;-;1;2;3;2;2;3;2;1;3;-;1
;;Male;8;-;-;-;1;1;1;1;1;1;2;-;-
;;Female;12;-;1;2;2;1;1;2;1;-;1;-;1
;China;Total;145;8;12;15;14;6;11;18;17;14;7;13;10
;;Male;77;4;8;6;6;3;5;11;7;9;3;7;8
;;Female;68;4;4;9;8;3;6;7;10;5;4;6;2
;Philippines;Total;87;7;10;5;11;7;5;9;4;12;8;6;3
;;Male;43;4;4;4;1;5;4;6;1;7;4;2;1
;;Female;44;3;6;1;10;2;1;3;3;5;4;4;2
;Thailand;Total;-;-;-;-;-;-;-;-;-;-;-;-;-
;;Male;-;-;-;-;-;-;-;-;-;-;-;-;-
;;Female;-;-;-;-;-;-;-;-;-;-;-;-;-
;U.S.A.;Total;5;1;-;-;-;1;-;1;-;1;-;1;-
;;Male;2;-;-;-;-;-;-;-;-;1;-;1;-
;;Female;3;1;-;-;-;1;-;1;-;-;-;-;-
;United Kingdom;Total;-;-;-;-;-;-;-;-;-;-;-;-;-
;;Male;-;-;-;-;-;-;-;-;-;-;-;-;-
;;Female;-;-;-;-;-;-;-;-;-;-;-;-;-
;Brazil;Total;30;2;3;6;4;5;1;1;5;1;-;1;1
;;Male;9;1;2;1;1;1;-;1;1;1;-;-;-
;;Female;21;1;1;5;3;4;1;-;4;-;-;1;1
;Peru;Total;4;-;-;1;-;-;1;-;1;1;-;-;-
;;Male;1;-;-;1;-;-;-;-;-;-;-;-;-
;;Female;3;-;-;-;-;-;1;-;1;1;-;-;-
;Other foreign countries;Total;497;36;40;33;34;41;34;38;52;51;45;44;49
;;Male;247;19;15;18;15;24;16;15;31;29;25;20;20
;;Female;250;17;25;15;19;17;18;23;21;22;20;24;29
62 Kyoto city;Total;Total;197;14;7;21;14;12;15;20;22;19;20;15;18
;;Male;109;8;5;11;9;3;8;12;12;10;13;9;9
;;Female;88;6;2;10;5;9;7;8;10;9;7;6;9
;Korea;Total;9;-;1;2;1;1;1;1;-;-;1;1;-
;;Male;5;-;1;1;1;-;1;1;-;-;-;-;-
;;Female;4;-;-;1;-;1;-;-;-;-;1;1;-
;China;Total;50;6;1;4;4;2;3;5;9;3;5;5;3
;;Male;29;4;-;2;1;-;2;3;5;2;3;4;3
;;Female;21;2;1;2;3;2;1;2;4;1;2;1;-
;Philippines;Total;7;1;-;1;-;-;1;-;1;3;-;-;-
;;Male;5;1;-;1;-;-;1;-;1;1;-;-;-
;;Female;2;-;-;-;-;-;-;-;-;2;-;-;-
;Thailand;Total;1;-;-;-;-;-;-;-;-;-;1;-;-
;;Male;-;-;-;-;-;-;-;-;-;-;-;-;-
;;Female;1;-;-;-;-;-;-;-;-;-;1;-;-
;U.S.A.;Total;1;-;-;-;-;-;-;-;-;-;-;-;1
;;Male;-;-;-;-;-;-;-;-;-;-;-;-;-
;;Female;1;-;-;-;-;-;-;-;-;-;-;-;1
;United Kingdom;Total;-;-;-;-;-;-;-;-;-;-;-;-;-
;;Male;-;-;-;-;-;-;-;-;-;-;-;-;-
;;Female;-;-;-;-;-;-;-;-;-;-;-;-;-
;Brazil;Total;-;-;-;-;-;-;-;-;-;-;-;-;-
;;Male;-;-;-;-;-;-;-;-;-;-;-;-;-
;;Female;-;-;-;-;-;-;-;-;-;-;-;-;-
;Peru;Total;2;1;-;-;-;-;-;1;-;-;-;-;-
;;Male;2;1;-;-;-;-;-;1;-;-;-;-;-
;;Female;-;-;-;-;-;-;-;-;-;-;-;-;-
;Other foreign countries;Total;127;6;5;14;9;9;10;13;12;13;13;9;14
;;Male;68;2;4;7;7;3;4;7;6;7;10;5;6
;;Female;59;4;1;7;2;6;6;6;6;6;3;4;8
63 Osaka city;Total;Total;1133;85;69;91;84;86;94;96;108;97;116;86;121
;;Male;579;47;35;59;40;45;42;45;51;51;66;44;54
;;Female;554;38;34;32;44;41;52;51;57;46;50;42;67
;Korea;Total;71;8;9;6;4;8;7;4;2;6;8;2;7
;;Male;36;3;5;5;2;2;2;1;-;6;5;1;4
;;Female;35;5;4;1;2;6;5;3;2;-;3;1;3
;China;Total;332;23;22;23;30;25;37;39;24;21;31;24;33
;;Male;164;11;13;16;13;15;17;17;14;11;15;12;10
;;Female;168;12;9;7;17;10;20;22;10;10;16;12;23
;Philippines;Total;34;3;3;5;2;4;3;3;4;3;-;-;4
;;Male;23;3;1;4;1;3;1;2;3;2;-;-;3
;;Female;11;-;2;1;1;1;2;1;1;1;-;-;1
;Thailand;Total;5;-;-;-;-;1;1;-;-;1;1;-;1
;;Male;2;-;-;-;-;1;-;-;-;-;1;-;-
;;Female;3;-;-;-;-;-;1;-;-;1;-;-;1
;U.S.A.;Total;6;1;-;1;2;-;1;-;1;-;-;-;-
;;Male;4;1;-;1;1;-;1;-;-;-;-;-;-
;;Female;2;-;-;-;1;-;-;-;1;-;-;-;-
;United Kingdom;Total;-;-;-;-;-;-;-;-;-;-;-;-;-
;;Male;-;-;-;-;-;-;-;-;-;-;-;-;-
;;Female;-;-;-;-;-;-;-;-;-;-;-;-;-
;Brazil;Total;3;-;1;-;-;-;1;-;-;1;-;-;-
;;Male;1;-;-;-;-;-;1;-;-;-;-;-;-
;;Female;2;-;1;-;-;-;-;-;-;1;-;-;-
;Peru;Total;1;-;-;-;-;-;-;-;-;-;1;-;-
;;Male;1;-;-;-;-;-;-;-;-;-;1;-;-
;;Female;-;-;-;-;-;-;-;-;-;-;-;-;-
;Other foreign countries;Total;681;50;34;56;46;48;44;50;77;65;75;60;76
;;Male;348;29;16;33;23;24;20;25;34;32;44;31;37
;;Female;333;21;18;23;23;24;24;25;43;33;31;29;39
64 Sakai city;Total;Total;126;7;10;8;9;8;9;7;9;18;14;11;16
;;Male;58;3;3;4;4;4;3;4;3;12;5;6;7
;;Female;68;4;7;4;5;4;6;3;6;6;9;5;9
;Korea;Total;1;-;-;-;-;-;-;-;-;1;-;-;-
;;Male;1;-;-;-;-;-;-;-;-;1;-;-;-
;;Female;-;-;-;-;-;-;-;-;-;-;-;-;-
;China;Total;26;3;2;2;1;2;1;2;3;5;1;1;3
;;Male;12;1;-;-;1;1;-;1;2;3;1;1;1
;;Female;14;2;2;2;-;1;1;1;1;2;-;-;2
;Philippines;Total;9;-;-;1;1;-;1;-;2;1;-;1;2
;;Male;3;-;-;-;-;-;-;-;-;1;-;1;1
;;Female;6;-;-;1;1;-;1;-;2;-;-;-;1
;Thailand;Total;-;-;-;-;-;-;-;-;-;-;-;-;-
;;Male;-;-;-;-;-;-;-;-;-;-;-;-;-
;;Female;-;-;-;-;-;-;-;-;-;-;-;-;-
;U.S.A.;Total;-;-;-;-;-;-;-;-;-;-;-;-;-
;;Male;-;-;-;-;-;-;-;-;-;-;-;-;-
;;Female;-;-;-;-;-;-;-;-;-;-;-;-;-
;United Kingdom;Total;1;-;-;-;-;1;-;-;-;-;-;-;-
;;Male;1;-;-;-;-;1;-;-;-;-;-;-;-
;;Female;-;-;-;-;-;-;-;-;-;-;-;-;-
;Brazil;Total;1;-;1;-;-;-;-;-;-;-;-;-;-
;;Male;1;-;1;-;-;-;-;-;-;-;-;-;-
;;Female;-;-;-;-;-;-;-;-;-;-;-;-;-
;Peru;Total;1;-;-;-;-;-;-;-;1;-;-;-;-
;;Male;-;-;-;-;-;-;-;-;-;-;-;-;-
;;Female;1;-;-;-;-;-;-;-;1;-;-;-;-
;Other foreign countries;Total;87;4;7;5;7;5;7;5;3;11;13;9;11
;;Male;40;2;2;4;3;2;3;3;1;7;4;4;5
;;Female;47;2;5;1;4;3;4;2;2;4;9;5;6
65 Kobe city;Total;Total;306;20;22;17;21;23;19;21;31;32;31;34;35
;;Male;167;9;12;9;10;13;13;10;16;24;16;18;17
;;Female;139;11;10;8;11;10;6;11;15;8;15;16;18
;Korea;Total;11;-;-;-;2;2;-;2;2;1;-;2;-
;;Male;4;-;-;-;1;1;-;-;1;-;-;1;-
;;Female;7;-;-;-;1;1;-;2;1;1;-;1;-
;China;Total;56;3;5;2;3;4;7;4;9;7;6;-;6
;;Male;31;2;2;1;1;3;4;1;4;7;3;-;3
;;Female;25;1;3;1;2;1;3;3;5;-;3;-;3
;Philippines;Total;7;1;-;1;1;-;-;1;-;1;1;1;-
;;Male;3;-;-;1;-;-;-;-;-;1;1;-;-
;;Female;4;1;-;-;1;-;-;1;-;-;-;1;-
;Thailand;Total;1;-;-;-;-;-;-;-;-;-;1;-;-
;;Male;1;-;-;-;-;-;-;-;-;-;1;-;-
;;Female;-;-;-;-;-;-;-;-;-;-;-;-;-
;U.S.A.;Total;1;-;-;-;-;-;-;-;1;-;-;-;-
;;Male;1;-;-;-;-;-;-;-;1;-;-;-;-
;;Female;-;-;-;-;-;-;-;-;-;-;-;-;-
;United Kingdom;Total;-;-;-;-;-;-;-;-;-;-;-;-;-
;;Male;-;-;-;-;-;-;-;-;-;-;-;-;-
;;Female;-;-;-;-;-;-;-;-;-;-;-;-;-
;Brazil;Total;1;-;-;-;-;-;-;-;-;-;1;-;-
;;Male;-;-;-;-;-;-;-;-;-;-;-;-;-
;;Female;1;-;-;-;-;-;-;-;-;-;1;-;-
;Peru;Total;-;-;-;-;-;-;-;-;-;-;-;-;-
;;Male;-;-;-;-;-;-;-;-;-;-;-;-;-
;;Female;-;-;-;-;-;-;-;-;-;-;-;-;-
;Other foreign countries;Total;229;16;17;14;15;17;12;14;19;23;22;31;29
;;Male;127;7;10;7;8;9;9;9;10;16;11;17;14
;;Female;102;9;7;7;7;8;3;5;9;7;11;14;15
66 Okayama city;Total;Total;91;2;5;7;7;10;7;9;10;12;9;8;5
;;Male;47;2;2;5;4;5;4;4;4;6;5;3;3
;;Female;44;-;3;2;3;5;3;5;6;6;4;5;2
;Korea;Total;1;-;-;-;-;-;-;-;-;-;1;-;-
;;Male;-;-;-;-;-;-;-;-;-;-;-;-;-
;;Female;1;-;-;-;-;-;-;-;-;-;1;-;-
;China;Total;18;1;1;-;2;2;-;1;3;3;1;3;1
;;Male;9;1;1;-;1;1;-;-;2;1;1;1;-
;;Female;9;-;-;-;1;1;-;1;1;2;-;2;1
;Philippines;Total;3;-;-;-;-;-;1;-;1;1;-;-;-
;;Male;2;-;-;-;-;-;1;-;-;1;-;-;-
;;Female;1;-;-;-;-;-;-;-;1;-;-;-;-
;Thailand;Total;-;-;-;-;-;-;-;-;-;-;-;-;-
;;Male;-;-;-;-;-;-;-;-;-;-;-;-;-
;;Female;-;-;-;-;-;-;-;-;-;-;-;-;-
;U.S.A.;Total;-;-;-;-;-;-;-;-;-;-;-;-;-
;;Male;-;-;-;-;-;-;-;-;-;-;-;-;-
;;Female;-;-;-;-;-;-;-;-;-;-;-;-;-
;United Kingdom;Total;-;-;-;-;-;-;-;-;-;-;-;-;-
;;Male;-;-;-;-;-;-;-;-;-;-;-;-;-
;;Female;-;-;-;-;-;-;-;-;-;-;-;-;-
;Brazil;Total;-;-;-;-;-;-;-;-;-;-;-;-;-
;;Male;-;-;-;-;-;-;-;-;-;-;-;-;-
;;Female;-;-;-;-;-;-;-;-;-;-;-;-;-
;Peru;Total;-;-;-;-;-;-;-;-;-;-;-;-;-
;;Male;-;-;-;-;-;-;-;-;-;-;-;-;-
;;Female;-;-;-;-;-;-;-;-;-;-;-;-;-
;Other foreign countries;Total;69;1;4;7;5;8;6;8;6;8;7;5;4
;;Male;36;1;1;5;3;4;3;4;2;4;4;2;3
;;Female;33;-;3;2;2;4;3;4;4;4;3;3;1
67 Hiroshima city;Total;Total;106;17;9;5;4;11;6;13;8;10;9;8;6
;;Male;51;7;5;1;2;5;2;5;3;7;7;4;3
;;Female;55;10;4;4;2;6;4;8;5;3;2;4;3
;Korea;Total;3;1;1;-;-;-;-;-;1;-;-;-;-
;;Male;1;-;-;-;-;-;-;-;1;-;-;-;-
;;Female;2;1;1;-;-;-;-;-;-;-;-;-;-
;China;Total;25;6;1;2;-;2;-;4;3;2;2;3;-
;;Male;12;3;1;1;-;1;-;2;1;1;2;-;-
;;Female;13;3;-;1;-;1;-;2;2;1;-;3;-
;Philippines;Total;9;-;2;-;1;1;1;1;1;-;-;1;1
;;Male;4;-;1;-;1;-;-;1;-;-;-;1;-
;;Female;5;-;1;-;-;1;1;-;1;-;-;-;1
;Thailand;Total;1;-;-;-;-;-;1;-;-;-;-;-;-
;;Male;-;-;-;-;-;-;-;-;-;-;-;-;-
;;Female;1;-;-;-;-;-;1;-;-;-;-;-;-
;U.S.A.;Total;1;-;1;-;-;-;-;-;-;-;-;-;-
;;Male;-;-;-;-;-;-;-;-;-;-;-;-;-
;;Female;1;-;1;-;-;-;-;-;-;-;-;-;-
;United Kingdom;Total;-;-;-;-;-;-;-;-;-;-;-;-;-
;;Male;-;-;-;-;-;-;-;-;-;-;-;-;-
;;Female;-;-;-;-;-;-;-;-;-;-;-;-;-
;Brazil;Total;4;1;-;-;-;2;-;1;-;-;-;-;-
;;Male;2;-;-;-;-;2;-;-;-;-;-;-;-
;;Female;2;1;-;-;-;-;-;1;-;-;-;-;-
;Peru;Total;-;-;-;-;-;-;-;-;-;-;-;-;-
;;Male;-;-;-;-;-;-;-;-;-;-;-;-;-
;;Female;-;-;-;-;-;-;-;-;-;-;-;-;-
;Other foreign countries;Total;63;9;4;3;3;6;4;7;3;8;7;4;5
;;Male;32;4;3;-;1;2;2;2;1;6;5;3;3
;;Female;31;5;1;3;2;4;2;5;2;2;2;1;2
68 Kitakyusyu city;Total;Total;95;6;8;6;7;5;7;6;6;12;15;6;11
;;Male;50;3;3;1;4;3;6;3;5;8;4;4;6
;;Female;45;3;5;5;3;2;1;3;1;4;11;2;5
;Korea;Total;9;1;1;2;-;-;1;-;-;1;1;1;1
;;Male;2;-;-;-;-;-;1;-;-;-;-;-;1
;;Female;7;1;1;2;-;-;-;-;-;1;1;1;-
;China;Total;13;1;1;1;2;1;2;1;-;-;2;-;2
;;Male;6;-;-;-;2;1;1;1;-;-;-;-;1
;;Female;7;1;1;1;-;-;1;-;-;-;2;-;1
;Philippines;Total;3;-;1;-;-;-;-;1;1;-;-;-;-
;;Male;2;-;1;-;-;-;-;-;1;-;-;-;-
;;Female;1;-;-;-;-;-;-;1;-;-;-;-;-
;Thailand;Total;1;1;-;-;-;-;-;-;-;-;-;-;-
;;Male;1;1;-;-;-;-;-;-;-;-;-;-;-
;;Female;-;-;-;-;-;-;-;-;-;-;-;-;-
;U.S.A.;Total;-;-;-;-;-;-;-;-;-;-;-;-;-
;;Male;-;-;-;-;-;-;-;-;-;-;-;-;-
;;Female;-;-;-;-;-;-;-;-;-;-;-;-;-
;United Kingdom;Total;-;-;-;-;-;-;-;-;-;-;-;-;-
;;Male;-;-;-;-;-;-;-;-;-;-;-;-;-
;;Female;-;-;-;-;-;-;-;-;-;-;-;-;-
;Brazil;Total;-;-;-;-;-;-;-;-;-;-;-;-;-
;;Male;-;-;-;-;-;-;-;-;-;-;-;-;-
;;Female;-;-;-;-;-;-;-;-;-;-;-;-;-
;Peru;Total;-;-;-;-;-;-;-;-;-;-;-;-;-
;;Male;-;-;-;-;-;-;-;-;-;-;-;-;-
;;Female;-;-;-;-;-;-;-;-;-;-;-;-;-
;Other foreign countries;Total;69;3;5;3;5;4;4;4;5;11;12;5;8
;;Male;39;2;2;1;2;2;4;2;4;8;4;4;4
;;Female;30;1;3;2;3;2;-;2;1;3;8;1;4
69 Fukuoka city;Total;Total;343;23;25;24;31;23;32;35;25;28;40;29;28
;;Male;161;8;11;10;17;14;18;18;10;11;17;15;12
;;Female;182;15;14;14;14;9;14;17;15;17;23;14;16
;Korea;Total;7;2;-;1;1;-;1;-;-;-;2;-;-
;;Male;3;1;-;1;-;-;1;-;-;-;-;-;-
;;Female;4;1;-;-;1;-;-;-;-;-;2;-;-
;China;Total;84;5;5;4;8;5;7;10;8;7;7;13;5
;;Male;39;2;3;1;4;2;4;5;3;5;3;6;1
;;Female;45;3;2;3;4;3;3;5;5;2;4;7;4
;Philippines;Total;5;-;-;-;1;-;-;1;-;1;-;-;2
;;Male;2;-;-;-;1;-;-;-;-;-;-;-;1
;;Female;3;-;-;-;-;-;-;1;-;1;-;-;1
;Thailand;Total;-;-;-;-;-;-;-;-;-;-;-;-;-
;;Male;-;-;-;-;-;-;-;-;-;-;-;-;-
;;Female;-;-;-;-;-;-;-;-;-;-;-;-;-
;U.S.A.;Total;1;1;-;-;-;-;-;-;-;-;-;-;-
;;Male;-;-;-;-;-;-;-;-;-;-;-;-;-
;;Female;1;1;-;-;-;-;-;-;-;-;-;-;-
;United Kingdom;Total;-;-;-;-;-;-;-;-;-;-;-;-;-
;;Male;-;-;-;-;-;-;-;-;-;-;-;-;-
;;Female;-;-;-;-;-;-;-;-;-;-;-;-;-
;Brazil;Total;-;-;-;-;-;-;-;-;-;-;-;-;-
;;Male;-;-;-;-;-;-;-;-;-;-;-;-;-
;;Female;-;-;-;-;-;-;-;-;-;-;-;-;-
;Peru;Total;-;-;-;-;-;-;-;-;-;-;-;-;-
;;Male;-;-;-;-;-;-;-;-;-;-;-;-;-
;;Female;-;-;-;-;-;-;-;-;-;-;-;-;-
;Other foreign countries;Total;246;15;20;19;21;18;24;24;17;20;31;16;21
;;Male;117;5;8;8;12;12;13;13;7;6;14;9;10
;;Female;129;10;12;11;9;6;11;11;10;14;17;7;11
70 Kumamoto city;Total;Total;46;-;1;1;4;3;2;5;3;11;4;4;8
;;Male;26;-;-;1;2;1;2;2;3;7;2;1;5
;;Female;20;-;1;-;2;2;-;3;-;4;2;3;3
;Korea;Total;2;-;-;-;-;-;-;-;-;-;1;-;1
;;Male;1;-;-;-;-;-;-;-;-;-;1;-;-
;;Female;1;-;-;-;-;-;-;-;-;-;-;-;1
;China;Total;5;-;-;-;-;-;-;-;-;3;-;-;2
;;Male;3;-;-;-;-;-;-;-;-;2;-;-;1
;;Female;2;-;-;-;-;-;-;-;-;1;-;-;1
;Philippines;Total;2;-;-;-;-;-;-;-;-;-;-;1;1
;;Male;1;-;-;-;-;-;-;-;-;-;-;-;1
;;Female;1;-;-;-;-;-;-;-;-;-;-;1;-
;Thailand;Total;-;-;-;-;-;-;-;-;-;-;-;-;-
;;Male;-;-;-;-;-;-;-;-;-;-;-;-;-
;;Female;-;-;-;-;-;-;-;-;-;-;-;-;-
;U.S.A.;Total;-;-;-;-;-;-;-;-;-;-;-;-;-
;;Male;-;-;-;-;-;-;-;-;-;-;-;-;-
;;Female;-;-;-;-;-;-;-;-;-;-;-;-;-
;United Kingdom;Total;-;-;-;-;-;-;-;-;-;-;-;-;-
;;Male;-;-;-;-;-;-;-;-;-;-;-;-;-
;;Female;-;-;-;-;-;-;-;-;-;-;-;-;-
;Brazil;Total;-;-;-;-;-;-;-;-;-;-;-;-;-
;;Male;-;-;-;-;-;-;-;-;-;-;-;-;-
;;Female;-;-;-;-;-;-;-;-;-;-;-;-;-
;Peru;Total;-;-;-;-;-;-;-;-;-;-;-;-;-
;;Male;-;-;-;-;-;-;-;-;-;-;-;-;-
;;Female;-;-;-;-;-;-;-;-;-;-;-;-;-
;Other foreign countries;Total;37;-;1;1;4;3;2;5;3;8;3;3;4
;;Male;21;-;-;1;2;1;2;2;3;5;1;1;3
;;Female;16;-;1;-;2;2;-;3;-;3;2;2;1
